-- MySQL dump 9.07
--
-- Host: mimir    Database: textgen
---------------------------------------------------------
-- Server version	3.23.56-log

--
-- Table structure for table 'languages'
--

CREATE TABLE languages (
  isocode varchar(10) NOT NULL default '',
  translationtable varchar(20) NOT NULL default '',
  active tinyint(1) NOT NULL default '0',
  name varchar(20) NOT NULL default '',
  full tinyint(1) NOT NULL default '1',
  PRIMARY KEY  (isocode)
) TYPE=MyISAM COMMENT='The languages defined for the textgen library';

--
-- Dumping data for table 'languages'
--

INSERT INTO languages VALUES ('fi','translation_fi',1,'Finnish',1);
INSERT INTO languages VALUES ('en','translation_en',1,'English',1);
INSERT INTO languages VALUES ('sv','translation_sv',1,'Swedish',1);
INSERT INTO languages VALUES ('de','translation_de',0,'German',1);
INSERT INTO languages VALUES ('fr','translation_fr',0,'French',1);
INSERT INTO languages VALUES ('it','translation_it',0,'Italian',1);
INSERT INTO languages VALUES ('ru','translation_ru',0,'Russian',1);
INSERT INTO languages VALUES ('es','translation_es',0,'Spanish',1);
INSERT INTO languages VALUES ('sonera','translation_sonera',1,'Sonera',0);

--
-- Table structure for table 'translation_en'
--

CREATE TABLE translation_en (
  keyword varchar(32) NOT NULL default '',
  translation varchar(255) NOT NULL default '',
  modtime timestamp(14) NOT NULL,
  user varchar(32) default '',
  PRIMARY KEY  (keyword)
) TYPE=MyISAM;

--
-- Dumping data for table 'translation_en'
--

INSERT INTO translation_en VALUES ('huomattavasti lämpimämpi','significantly warmer',20030525190018,'mheiskan');
INSERT INTO translation_en VALUES ('lämpimämpi','warmer',20030525190008,'mheiskan');
INSERT INTO translation_en VALUES ('seuraava yö','the following night',20030525185818,'mheiskan');
INSERT INTO translation_en VALUES ('seuraavana yönä','the following night',20030525185658,'mheiskan');
INSERT INTO translation_en VALUES ('on','is',20030525185531,'mheiskan');
INSERT INTO translation_en VALUES ('ankaran hallan todennäköisyys','probability of severe frost',20030525185444,'mheiskan');
INSERT INTO translation_en VALUES ('hallan todennäköisyys','probability of frost',20030525185200,'mheiskan');
INSERT INTO translation_en VALUES ('7-vastaisena yönä','on Sunday night',20030525183703,'mheiskan');
INSERT INTO translation_en VALUES ('6-vastaisena yönä','on Saturday night',20030525183656,'mheiskan');
INSERT INTO translation_en VALUES ('5-vastaisena yönä','on Friday night',20030525183646,'mheiskan');
INSERT INTO translation_en VALUES ('4-vastaisena yönä','on Thursday night',20030525183637,'mheiskan');
INSERT INTO translation_en VALUES ('3-vastaisena yönä','on Wednesday night',20030525183629,'mheiskan');
INSERT INTO translation_en VALUES ('2-vastaisena yönä','on Tuesday night',20030525183620,'mheiskan');
INSERT INTO translation_en VALUES ('1-vastaisena yönä','on Monday night',20030525183608,'mheiskan');
INSERT INTO translation_en VALUES ('sama','the same',20030525142239,'mheiskan');
INSERT INTO translation_en VALUES ('hieman pienempi','somewhat smaller',20030525142233,'mheiskan');
INSERT INTO translation_en VALUES ('hieman suurempi','somewhat greater',20030525142225,'mheiskan');
INSERT INTO translation_en VALUES ('pienempi','smaller',20030525142215,'mheiskan');
INSERT INTO translation_en VALUES ('suurempi','greater',20030525142206,'mheiskan');
INSERT INTO translation_en VALUES ('alin suhteellinen kosteus','the smallest relative humidity',20030525185342,'mheiskan');
INSERT INTO translation_en VALUES ('7-na','on Sunday',20030525141847,'mheiskan');
INSERT INTO translation_en VALUES ('6-na','on Saturday',20030525141841,'mheiskan');
INSERT INTO translation_en VALUES ('5-na','on Friday',20030525141836,'mheiskan');
INSERT INTO translation_en VALUES ('4-na','on Thursday',20030525141830,'mheiskan');
INSERT INTO translation_en VALUES ('3-na','on Wednesday',20030525141824,'mheiskan');
INSERT INTO translation_en VALUES ('2-na','on Tuesday',20030525141818,'mheiskan');
INSERT INTO translation_en VALUES ('1-na','on Monday',20030525141812,'mheiskan');
INSERT INTO translation_en VALUES ('odotettavissa','expected weather',20030513092821,'mheiskan');
INSERT INTO translation_en VALUES ('7-illasta','from Sunday evening',20030512123320,'mheiskan');
INSERT INTO translation_en VALUES ('1-illasta','from Monday evening',20030512090938,'mheiskan');
INSERT INTO translation_en VALUES ('2-illasta','from Tuesday evening',20030512090947,'mheiskan');
INSERT INTO translation_en VALUES ('3-illasta','from Wednesday evening',20030512091007,'mheiskan');
INSERT INTO translation_en VALUES ('4-illasta','from Thursday evening',20030512091026,'mheiskan');
INSERT INTO translation_en VALUES ('5-illasta','from Friday evening',20030512091034,'mheiskan');
INSERT INTO translation_en VALUES ('6-illasta','from Saturday evening',20030512091044,'mheiskan');
INSERT INTO translation_en VALUES ('7-aamuun','until Sunday morning',20030512123316,'mheiskan');
INSERT INTO translation_en VALUES ('1-aamuun','until Monday morning',20030512091410,'mheiskan');
INSERT INTO translation_en VALUES ('2-aamuun','until Tuesday morning',20030512091421,'mheiskan');
INSERT INTO translation_en VALUES ('3-aamuun','until Wednesday morning',20030512091430,'mheiskan');
INSERT INTO translation_en VALUES ('4-aamuun','until Thursday morning',20030512091439,'mheiskan');
INSERT INTO translation_en VALUES ('5-aamuun','until Friday morning',20030512091449,'mheiskan');
INSERT INTO translation_en VALUES ('6-aamuun','until Saturday morning',20030512091457,'mheiskan');
INSERT INTO translation_en VALUES ('sää','the weather',20030609120411,'mheiskan');
INSERT INTO translation_en VALUES ('keskilämpötila','mean temperature',20030516130932,'mheiskan');
INSERT INTO translation_en VALUES ('keskimääräinen ylin lämpötila','mean maximum temperature',20030516130946,'mheiskan');
INSERT INTO translation_en VALUES ('keskimääräinen alin lämpötila','mean minimum temperature',20030516130957,'mheiskan');
INSERT INTO translation_en VALUES ('sadesumma','total precipitation',20030516131006,'mheiskan');
INSERT INTO translation_en VALUES ('astetta','degrees',20030516131012,'mheiskan');
INSERT INTO translation_en VALUES ('millimetriä','millimeters',20030516135010,'mheiskan');
INSERT INTO translation_en VALUES ('1-aamusta','from Monday morning',20030519080906,'mheiskan');
INSERT INTO translation_en VALUES ('2-aamusta','from Tuesday morning',20030519080925,'mheiskan');
INSERT INTO translation_en VALUES ('3-aamusta','from Wednesday morning',20030519080933,'mheiskan');
INSERT INTO translation_en VALUES ('4-aamusta','from Thursday morning',20030519080941,'mheiskan');
INSERT INTO translation_en VALUES ('5-aamusta','from Friday morning',20030519080948,'mheiskan');
INSERT INTO translation_en VALUES ('6-aamusta','from Saturday morning',20030519080954,'mheiskan');
INSERT INTO translation_en VALUES ('7-aamusta','from Sunday morning',20030519081000,'mheiskan');
INSERT INTO translation_en VALUES ('alkavan','',20030522133434,'alkavan');
INSERT INTO translation_en VALUES ('1-iltaan','until Monday evening',20030522125646,'mheiskan');
INSERT INTO translation_en VALUES ('2-vuorokauden sää','for the next two days',20030520101207,'mheiskan');
INSERT INTO translation_en VALUES ('3-vuorokauden sää','for the next three days',20030520101215,'mheiskan');
INSERT INTO translation_en VALUES ('4-vuorokauden sää','for the next four days',20030520101237,'mheiskan');
INSERT INTO translation_en VALUES ('5-vuorokauden sää','for the next five days',20030520101245,'mheiskan');
INSERT INTO translation_en VALUES ('6-vuorokauden sää','for the next six days',20030520101253,'mheiskan');
INSERT INTO translation_en VALUES ('7-vuorokauden sää','for the next seven days',20030520101302,'mheiskan');
INSERT INTO translation_en VALUES ('8-vuorokauden sää','for the next eight days',20030520101311,'mheiskan');
INSERT INTO translation_en VALUES ('9-vuorokauden sää','for the next nine days',20030520101318,'mheiskan');
INSERT INTO translation_en VALUES ('10-vuorokauden sää','for the next 10 days',20030520101326,'mheiskan');
INSERT INTO translation_en VALUES ('yli','over',20030522091126,'mheiskan');
INSERT INTO translation_en VALUES ('2-iltaan','until Tuesday evening',20030522122706,'mheiskan');
INSERT INTO translation_en VALUES ('3-iltaan','until Wednesday evening',20030522122714,'mheiskan');
INSERT INTO translation_en VALUES ('4-iltaan','until Thursday evening',20030522122722,'mheiskan');
INSERT INTO translation_en VALUES ('5-iltaan','until Friday evening',20030522122729,'mheiskan');
INSERT INTO translation_en VALUES ('6-iltaan','until Saturday evening',20030522122737,'mheiskan');
INSERT INTO translation_en VALUES ('7-iltaan','until Sunday evening',20030522122747,'mheiskan');
INSERT INTO translation_en VALUES ('monin paikoin enemmän','more in many places',20030523084730,'mheiskan');
INSERT INTO translation_en VALUES ('paikoin enemmän','more in some places',20030523084719,'mheiskan');
INSERT INTO translation_en VALUES ('monin paikoin','in many places',20030523084709,'mheiskan');
INSERT INTO translation_en VALUES ('paikoin','in some places',20030523084701,'mheiskan');
INSERT INTO translation_en VALUES ('asti','',20030522125014,'mheiskan');
INSERT INTO translation_en VALUES ('huomattavasti korkeampi','significantly higher',20030605131751,'mheiskan');
INSERT INTO translation_en VALUES ('korkeampi','higher',20030605131722,'mheiskan');
INSERT INTO translation_en VALUES ('hieman korkeampi','somewhat higher',20030605131744,'mheiskan');
INSERT INTO translation_en VALUES ('suunnilleen sama','about the same',20030526141253,'mheiskan');
INSERT INTO translation_en VALUES ('hieman alempi','somewhat lower',20030605131737,'mheiskan');
INSERT INTO translation_en VALUES ('alempi','lower',20030605131715,'mheiskan');
INSERT INTO translation_en VALUES ('huomattavasti alempi','significantly lower',20030605131755,'mheiskan');
INSERT INTO translation_en VALUES ('noin','about',20030526141339,'mheiskan');
INSERT INTO translation_en VALUES ('seuraavana päivänä','the following day',20030526141402,'mheiskan');
INSERT INTO translation_en VALUES ('päivän ylin lämpötila','the maximum day temperature',20030526141456,'mheiskan');
INSERT INTO translation_en VALUES ('yön alin lämpötila','the minimum night temperature',20030526141500,'mheiskan');
INSERT INTO translation_en VALUES ('päivien ylin lämpötila','daily maximum temperature',20030527112502,'mheiskan');
INSERT INTO translation_en VALUES ('öiden alin lämpötila','nightly minimum temperature',20030527112513,'mheiskan');
INSERT INTO translation_en VALUES ('päivälämpötila','daily temperature',20030607125914,'mheiskan');
INSERT INTO translation_en VALUES ('yölämpötila','nightly temperature',20030607125923,'mheiskan');
INSERT INTO translation_en VALUES ('aluksi','in the beginning',20030527112550,'mheiskan');
INSERT INTO translation_en VALUES ('lopuksi','in the end',20030527112556,'mheiskan');
INSERT INTO translation_en VALUES ('8-suunnasta','from north west',20030609140200,'mheiskan');
INSERT INTO translation_en VALUES ('7-suunnasta','from west',20030609140154,'mheiskan');
INSERT INTO translation_en VALUES ('6-suunnasta','from south west',20030609140148,'mheiskan');
INSERT INTO translation_en VALUES ('5-suunnasta','from south',20030609140141,'mheiskan');
INSERT INTO translation_en VALUES ('4-suunnasta','from south east',20030609140136,'mheiskan');
INSERT INTO translation_en VALUES ('3-suunnasta','from east',20030609140120,'mheiskan');
INSERT INTO translation_en VALUES ('2-suunnasta','from north east',20030609140125,'mheiskan');
INSERT INTO translation_en VALUES ('1-suunnasta','from north',20030609140106,'mheiskan');
INSERT INTO translation_en VALUES ('8-suuntaan','to north west',20030609140057,'mheiskan');
INSERT INTO translation_en VALUES ('7-suuntaan','to west',20030609140051,'mheiskan');
INSERT INTO translation_en VALUES ('6-suuntaan','to south west',20030609140046,'mheiskan');
INSERT INTO translation_en VALUES ('5-suuntaan','to south',20030609140039,'mheiskan');
INSERT INTO translation_en VALUES ('4-suuntaan','to south east',20030609140034,'mheiskan');
INSERT INTO translation_en VALUES ('3-suuntaan','to east',20030609140028,'mheiskan');
INSERT INTO translation_en VALUES ('2-suuntaan','to north east',20030609140023,'mheiskan');
INSERT INTO translation_en VALUES ('1-suuntaan','to north',20030609140017,'mheiskan');
INSERT INTO translation_en VALUES ('alueen yli','over the area',20030609140011,'mheiskan');
INSERT INTO translation_en VALUES ('liikkuu','moves',20030609140002,'mheiskan');
INSERT INTO translation_en VALUES ('kosteammaksi','more moist',20030609135957,'mheiskan');
INSERT INTO translation_en VALUES ('kuivemmaksi','dryer',20030609135946,'mheiskan');
INSERT INTO translation_en VALUES ('muuttuu','changes',20030609135940,'mheiskan');
INSERT INTO translation_en VALUES ('viilenee','becomes colder',20030609135933,'mheiskan');
INSERT INTO translation_en VALUES ('lämpenee','becomes warmer',20030609135925,'mheiskan');
INSERT INTO translation_en VALUES ('sadealue','a precipitation area',20030609135909,'mheiskan');
INSERT INTO translation_en VALUES ('leviää','spreads',20030609135856,'mheiskan');
INSERT INTO translation_en VALUES ('loittonee','recedes',20030609135847,'mheiskan');
INSERT INTO translation_en VALUES ('lähestyy','approaches',20030609135829,'mheiskan');
INSERT INTO translation_en VALUES ('laaja','large',20030609135804,'mheiskan');
INSERT INTO translation_en VALUES ('korkeapaineen alue','a high pressure area',20030609143526,'mheiskan');
INSERT INTO translation_en VALUES ('matalapaineen alue','a low pressure area',20030609143536,'mheiskan');
INSERT INTO translation_en VALUES ('syvenee','deepens',20030609135736,'mheiskan');
INSERT INTO translation_en VALUES ('vahvistuu','strenghtens',20030609135730,'mheiskan');
INSERT INTO translation_en VALUES ('korkeapaine','the high pressure',20030609135721,'mheiskan');
INSERT INTO translation_en VALUES ('matalapaine','the low pressure',20030609135713,'mheiskan');
INSERT INTO translation_en VALUES ('lämpötila','temperature',20030609123352,'mheiskan');
INSERT INTO translation_en VALUES ('m/s','m/s',20030527151933,'mheiskan');
INSERT INTO translation_en VALUES ('heikkoa','light',20030530074146,'mheiskan');
INSERT INTO translation_en VALUES ('kohtalaista','moderate',20030530074153,'mheiskan');
INSERT INTO translation_en VALUES ('navakkaa','fresh',20030530074202,'mheiskan');
INSERT INTO translation_en VALUES ('kovaa','strong',20030530074207,'mheiskan');
INSERT INTO translation_en VALUES ('myrskyä','stormy',20030530074213,'mheiskan');
INSERT INTO translation_en VALUES ('tuulta','wind',20030530074619,'mheiskan');
INSERT INTO translation_en VALUES ('suunnaltaan vaihtelevaa','variable',20030530074635,'mheiskan');
INSERT INTO translation_en VALUES ('1-tuulta','northerly wind',20030530074650,'mheiskan');
INSERT INTO translation_en VALUES ('2-tuulta','northeasterly wind',20030530074657,'mheiskan');
INSERT INTO translation_en VALUES ('3-tuulta','easterly wind',20030530074706,'mheiskan');
INSERT INTO translation_en VALUES ('4-tuulta','southeasterly wind',20030530074713,'mheiskan');
INSERT INTO translation_en VALUES ('5-tuulta','southerly wind',20030530074723,'mheiskan');
INSERT INTO translation_en VALUES ('6-tuulta','southwesterly wind',20030530074731,'mheiskan');
INSERT INTO translation_en VALUES ('7-tuulta','westerly wind',20030530074753,'mheiskan');
INSERT INTO translation_en VALUES ('8-tuulta','northwesterly wind',20030530074800,'mheiskan');
INSERT INTO translation_en VALUES ('yöllä','at night',20030530075114,'mheiskan');
INSERT INTO translation_en VALUES ('heikkenevää','weakening',20030530075733,'mheiskan');
INSERT INTO translation_en VALUES ('voimistuvaa','strenghtening',20030530075742,'mheiskan');
INSERT INTO translation_en VALUES ('tuuli','wind',20030530075746,'mheiskan');
INSERT INTO translation_en VALUES ('1-puoleista tuulta','approximately northerly wind',20030530080201,'mheiskan');
INSERT INTO translation_en VALUES ('2-puoleista tuulta','approximately northeasterly wind',20030530080212,'mheiskan');
INSERT INTO translation_en VALUES ('3-puoleista tuulta','approximately easterly wind',20030530080222,'mheiskan');
INSERT INTO translation_en VALUES ('4-puoleista tuulta','approximately southeasterly wind',20030530080233,'mheiskan');
INSERT INTO translation_en VALUES ('5-puoleista tuulta','approximately southerly wind',20030530080243,'mheiskan');
INSERT INTO translation_en VALUES ('6-puoleista tuulta','approximately southwesterly wind',20030530080254,'mheiskan');
INSERT INTO translation_en VALUES ('7-puoleista tuulta','approximately westerly wind',20030530080309,'mheiskan');
INSERT INTO translation_en VALUES ('8-puoleista tuulta','approximately northwesterly wind',20030530080319,'mheiskan');
INSERT INTO translation_en VALUES ('ajoittain lumisadetta','intermittent snowfall',20030530082811,'mheiskan');
INSERT INTO translation_en VALUES ('ajoittain sadetta','intermittent rain',20030530082820,'mheiskan');
INSERT INTO translation_en VALUES ('ajoittain ukkosta','thunder',20030530082828,'mheiskan');
INSERT INTO translation_en VALUES ('heikkoa sadetta','light rain',20030530082837,'mheiskan');
INSERT INTO translation_en VALUES ('lumikuuroja','snow showers',20030530082844,'mheiskan');
INSERT INTO translation_en VALUES ('lumisadetta','snowfall',20030530082850,'mheiskan');
INSERT INTO translation_en VALUES ('mahdollisesti ukkosta','possibility of thunder',20030530082901,'mheiskan');
INSERT INTO translation_en VALUES ('melko selkeää','partly clear',20030530082920,'mheiskan');
INSERT INTO translation_en VALUES ('miinus','minus',20030530082926,'mheiskan');
INSERT INTO translation_en VALUES ('pilvistyvää','increasing cloudiness',20030530082936,'mheiskan');
INSERT INTO translation_en VALUES ('pilvistä','cloudy',20030530082944,'mheiskan');
INSERT INTO translation_en VALUES ('poutaa','clear',20030530082952,'mheiskan');
INSERT INTO translation_en VALUES ('puolipilvistä','partly cloudy',20030530083003,'mheiskan');
INSERT INTO translation_en VALUES ('runsasta sadetta','heavy rain',20030530083012,'mheiskan');
INSERT INTO translation_en VALUES ('sadetta','rain',20030530083018,'mheiskan');
INSERT INTO translation_en VALUES ('sakeaa lumisadetta','heavy snowfall',20030530083027,'mheiskan');
INSERT INTO translation_en VALUES ('sakeita lumikuuroja','heavy snow showers',20030530083038,'mheiskan');
INSERT INTO translation_en VALUES ('selkenevää','decreasing cloudiness',20030530083047,'mheiskan');
INSERT INTO translation_en VALUES ('selkeää','sunny',20030530083055,'mheiskan');
INSERT INTO translation_en VALUES ('tai','or',20030530083100,'mheiskan');
INSERT INTO translation_en VALUES ('tuuli heikkenee','the wind weakens to',20030530100233,'mheiskan');
INSERT INTO translation_en VALUES ('tuuli voimistuu','the wind strenghtens to',20030530100237,'mheiskan');
INSERT INTO translation_en VALUES ('vaihtelevaa pilvisyyttä','variable cloudiness',20030530083131,'mheiskan');
INSERT INTO translation_en VALUES ('vesisadetta','rain',20030530083138,'mheiskan');
INSERT INTO translation_en VALUES ('voimakkaita kuuroja','heavy showers',20030530083148,'mheiskan');
INSERT INTO translation_en VALUES ('vähäisiä kuuroja','light showers',20030530083157,'mheiskan');
INSERT INTO translation_en VALUES ('vähäistä lumisadetta','light snowfall',20030530083208,'mheiskan');
INSERT INTO translation_en VALUES ('heikoksi','light',20030530100253,'mheiskan');
INSERT INTO translation_en VALUES ('kohtalaiseksi','moderate',20030530100303,'mheiskan');
INSERT INTO translation_en VALUES ('navakaksi','fresh',20030530100313,'mheiskan');
INSERT INTO translation_en VALUES ('kovaksi','strong',20030530100317,'mheiskan');
INSERT INTO translation_en VALUES ('myrskyksi','stormy',20030530100328,'mheiskan');
INSERT INTO translation_en VALUES ('1-tuuleksi','northerly wind',20030530100412,'mheiskan');
INSERT INTO translation_en VALUES ('2-tuuleksi','northeasterly wind',20030530100420,'mheiskan');
INSERT INTO translation_en VALUES ('3-tuuleksi','easterly wind',20030530100426,'mheiskan');
INSERT INTO translation_en VALUES ('4-tuuleksi','southeasterly wind',20030530100433,'mheiskan');
INSERT INTO translation_en VALUES ('5-tuuleksi','southerly wind',20030530100442,'mheiskan');
INSERT INTO translation_en VALUES ('6-tuuleksi','southwesterly wind',20030530100449,'mheiskan');
INSERT INTO translation_en VALUES ('7-tuuleksi','westerly wind',20030530100455,'mheiskan');
INSERT INTO translation_en VALUES ('8-tuuleksi','northwesterly wind',20030530100502,'mheiskan');
INSERT INTO translation_en VALUES ('1-puoleiseksi tuuleksi','approximately northerly wind',20030530100758,'mheiskan');
INSERT INTO translation_en VALUES ('2-puoleiseksi tuuleksi','approximately northeasterly wind',20030530100808,'mheiskan');
INSERT INTO translation_en VALUES ('3-puoleiseksi tuuleksi','approximately easterly wind',20030530100819,'mheiskan');
INSERT INTO translation_en VALUES ('4-puoleiseksi tuuleksi','approximately southeasterly wind',20030530100833,'mheiskan');
INSERT INTO translation_en VALUES ('5-puoleiseksi tuuleksi','approximately southerly wind',20030530100846,'mheiskan');
INSERT INTO translation_en VALUES ('6-puoleiseksi tuuleksi','approximately southwesterly wind',20030530100858,'mheiskan');
INSERT INTO translation_en VALUES ('7-puoleiseksi tuuleksi','approximately westerly wind',20030530100908,'mheiskan');
INSERT INTO translation_en VALUES ('8-puoleiseksi tuuleksi','approximately northwesterly wind',20030530100918,'mheiskan');
INSERT INTO translation_en VALUES ('tuuli tyyntyy','the wind becomes calm',20030530101246,'mheiskan');
INSERT INTO translation_en VALUES ('tyyneksi','calm',20030530101256,'mheiskan');
INSERT INTO translation_en VALUES ('tyyntä','calm winds',20030530101303,'mheiskan');
INSERT INTO translation_en VALUES ('viiva','to',20030530101356,'mheiskan');
INSERT INTO translation_en VALUES ('räntäsadetta','sleet',20030530102354,'mheiskan');
INSERT INTO translation_en VALUES ('sää on epävakaista','the weather is unstable',20030530102449,'mheiskan');
INSERT INTO translation_en VALUES ('lumi-','snow',20030530103008,'mheiskan');
INSERT INTO translation_en VALUES ('räntä-','sleet',20030530103014,'mheiskan');
INSERT INTO translation_en VALUES ('vesi-','rain',20030530103057,'mheiskan');
INSERT INTO translation_en VALUES ('edelleen','continued',20030530120844,'mheiskan');
INSERT INTO translation_en VALUES ('enimmäkseen','mostly',20030530120902,'mheiskan');
INSERT INTO translation_en VALUES ('ajoittain sateista','intermittent rain',20030530121004,'mheiskan');
INSERT INTO translation_en VALUES ('päivällä','during the day',20030530121036,'mheiskan');
INSERT INTO translation_en VALUES ('hirmumyrskyä','severe storm',20030530121214,'mheiskan');
INSERT INTO translation_en VALUES ('hirmumyrskyksi','severe storm',20030530121222,'mheiskan');
INSERT INTO translation_en VALUES ('sääennuste','weather report',20030604064140,'mheiskan');
INSERT INTO translation_en VALUES ('kello','',20030604064144,'mheiskan');
INSERT INTO translation_en VALUES ('o\'clock','o\'clock',20030604064151,'mheiskan');
INSERT INTO translation_en VALUES ('aland:lle','for Åland Islands',20030604071133,'mheiskan');
INSERT INTO translation_en VALUES ('etela-karjala:lle','for Southern Karelia',20030604071149,'mheiskan');
INSERT INTO translation_en VALUES ('etela-pohjanmaa:lle','for Southern Ostrobothnia',20030604071233,'mheiskan');
INSERT INTO translation_en VALUES ('etela-savo:lle','for Southern Savonia',20030604071259,'mheiskan');
INSERT INTO translation_en VALUES ('hame:lle','for Tavastia',20030604071319,'mheiskan');
INSERT INTO translation_en VALUES ('kainuu:lle','for Kainuu',20030604071335,'mheiskan');
INSERT INTO translation_en VALUES ('keski-pohjanmaa:lle','for Central Ostrobothnia',20030604071356,'mheiskan');
INSERT INTO translation_en VALUES ('keski-suomi:lle','for Central Finland',20030604071405,'mheiskan');
INSERT INTO translation_en VALUES ('koillismaa:lle','for Koillismaa',20030604071414,'mheiskan');
INSERT INTO translation_en VALUES ('kymenlaakso:lle','for Kymenlaakso',20030604071429,'mheiskan');
INSERT INTO translation_en VALUES ('lansi-lappi:lle','for Western Lapland',20030604071445,'mheiskan');
INSERT INTO translation_en VALUES ('nyland:lle','for Uusimaa',20030604071456,'mheiskan');
INSERT INTO translation_en VALUES ('osterbotten:lle','for Ostrobothnia',20030604071508,'mheiskan');
INSERT INTO translation_en VALUES ('paijat-hame:lle','for Päijänne Tavastia',20030604071524,'mheiskan');
INSERT INTO translation_en VALUES ('pirkanmaa:lle','for Pirkanmaa',20030604071538,'mheiskan');
INSERT INTO translation_en VALUES ('pohjois-karjala:lle','for Northern Karelia',20030604071547,'mheiskan');
INSERT INTO translation_en VALUES ('pohjois-lappi:lle','for Northern Lapland',20030604071557,'mheiskan');
INSERT INTO translation_en VALUES ('pohjois-pohjanmaa:lle','for Northern Ostrobothnia',20030604071613,'mheiskan');
INSERT INTO translation_en VALUES ('pohjois-savo:lle','for Northern Savonia',20030604071630,'mheiskan');
INSERT INTO translation_en VALUES ('satakunta:lle','for Satakunta',20030604071642,'mheiskan');
INSERT INTO translation_en VALUES ('uusimaa:lle','for Uusimaa',20030604071651,'mheiskan');
INSERT INTO translation_en VALUES ('varsinais-suomi:lle','for Finland Proper',20030604071709,'mheiskan');
INSERT INTO translation_en VALUES ('huomattavasti suurempi','significantly greater',20030604080106,'mheiskan');
INSERT INTO translation_en VALUES ('huomattavasti pienempi','significantly smaller',20030604080116,'mheiskan');
INSERT INTO translation_en VALUES ('rannikolla','the coastal area',20030605180511,'mheiskan');
INSERT INTO translation_en VALUES ('metriä sekunnissa','meters per second',20030608231121,'mheiskan');
INSERT INTO translation_en VALUES ('1-alkaen','from Monday onwards',20030608231638,'mheiskan');
INSERT INTO translation_en VALUES ('2-alkaen','from Tuesday onwards',20030608231651,'mheiskan');
INSERT INTO translation_en VALUES ('3-alkaen','from Wednesday onwards',20030608231700,'mheiskan');
INSERT INTO translation_en VALUES ('4-alkaen','from Thursday onwards',20030608231710,'mheiskan');
INSERT INTO translation_en VALUES ('5-alkaen','from Friday onwards',20030608231747,'mheiskan');
INSERT INTO translation_en VALUES ('6-alkaen','from Saturday onwards',20030608231731,'mheiskan');
INSERT INTO translation_en VALUES ('7-alkaen','from Sunday onwards',20030608231742,'mheiskan');
INSERT INTO translation_en VALUES ('tänään','today',20030609095712,'mheiskan');
INSERT INTO translation_en VALUES ('huomenna','tomorrow',20030609095717,'mheiskan');
INSERT INTO translation_en VALUES ('ylihuomenna','the day after tomorrow',20030609095726,'mheiskan');
INSERT INTO translation_en VALUES ('ensi yönä','at night',20030609095732,'mheiskan');
INSERT INTO translation_en VALUES ('huomisaamuna','tomorrow morning',20030609095740,'mheiskan');
INSERT INTO translation_en VALUES ('aamulla','in the morning',20030609095846,'mheiskan');
INSERT INTO translation_en VALUES ('illalla','in the evening',20030609095853,'mheiskan');
INSERT INTO translation_en VALUES ('aamupäivällä','before noon',20030609095901,'mheiskan');
INSERT INTO translation_en VALUES ('iltapäivällä','in the afternoon',20030609095911,'mheiskan');
INSERT INTO translation_en VALUES ('aamuyöllä','after midnight',20030609095920,'mheiskan');
INSERT INTO translation_en VALUES ('keskipäivällä','at noon',20030609095933,'mheiskan');
INSERT INTO translation_en VALUES ('iltayöllä','before midnight',20030609095943,'mheiskan');
INSERT INTO translation_en VALUES ('keskiyöllä','at midnight',20030609095950,'mheiskan');
INSERT INTO translation_en VALUES ('yöstä alkaen','from tonight',20030609100005,'mheiskan');
INSERT INTO translation_en VALUES ('aamuyöstä alkaen','from the early morning',20030609100015,'mheiskan');
INSERT INTO translation_en VALUES ('aamusta alkaen','from the morning',20030609100025,'mheiskan');
INSERT INTO translation_en VALUES ('aamupäivästä alkaen','from before noon',20030609100034,'mheiskan');
INSERT INTO translation_en VALUES ('keskipäivästä alkaen','from the noon',20030609100044,'mheiskan');
INSERT INTO translation_en VALUES ('iltapäivästä alkaen','from the afternoon',20030609100056,'mheiskan');
INSERT INTO translation_en VALUES ('illasta alkaen','from the evening',20030609100104,'mheiskan');
INSERT INTO translation_en VALUES ('iltayöstä alkaen','from the late evening',20030609100114,'mheiskan');
INSERT INTO translation_en VALUES ('keskiyöstä alkaen','from midnight',20030609100123,'mheiskan');
INSERT INTO translation_en VALUES ('prosenttia','percent',20030610080955,'mheiskan');

--
-- Table structure for table 'translation_fi'
--

CREATE TABLE translation_fi (
  keyword varchar(32) NOT NULL default '',
  translation varchar(255) NOT NULL default '',
  modtime timestamp(14) NOT NULL,
  user varchar(32) default '',
  PRIMARY KEY  (keyword)
) TYPE=MyISAM;

--
-- Dumping data for table 'translation_fi'
--

INSERT INTO translation_fi VALUES ('lämpötila','lämpötila',20030609123334,'mheiskan');
INSERT INTO translation_fi VALUES ('huomattavasti lämpimämpi','huomattavasti lämpimämpi',20030525185918,'mheiskan');
INSERT INTO translation_fi VALUES ('lämpimämpi','lämpimämpi',20030525185904,'mheiskan');
INSERT INTO translation_fi VALUES ('seuraava yö','seuraava yö',20030525190103,'mheiskan');
INSERT INTO translation_fi VALUES ('alin suhteellinen kosteus','alin suhteellinen kosteus',20030525185247,'mheiskan');
INSERT INTO translation_fi VALUES ('ankaran hallan todennäköisyys','ankaran hallan todennäköisyys',20030525185234,'mheiskan');
INSERT INTO translation_fi VALUES ('hallan todennäköisyys','hallan todennäköisyys',20030525185104,'mheiskan');
INSERT INTO translation_fi VALUES ('7-vastaisena yönä','sunnuntain vastaisena yönä',20030525183354,'mheiskan');
INSERT INTO translation_fi VALUES ('6-vastaisena yönä','lauantain vastaisena yönä',20030525183342,'mheiskan');
INSERT INTO translation_fi VALUES ('5-vastaisena yönä','perjantain vastaisena yönä',20030525183332,'mheiskan');
INSERT INTO translation_fi VALUES ('4-vastaisena yönä','torstain vastaisena yönä',20030525183321,'mheiskan');
INSERT INTO translation_fi VALUES ('3-vastaisena yönä','keskiviikon vastaisena yönä',20030525183308,'mheiskan');
INSERT INTO translation_fi VALUES ('2-vastaisena yönä','tiistain vastaisena yönä',20030525183257,'mheiskan');
INSERT INTO translation_fi VALUES ('1-vastaisena yönä','maanantain vastaisena yönä',20030525183241,'mheiskan');
INSERT INTO translation_fi VALUES ('sama','sama',20030525141953,'mheiskan');
INSERT INTO translation_fi VALUES ('hieman pienempi','hieman pienempi',20030525141948,'mheiskan');
INSERT INTO translation_fi VALUES ('hieman suurempi','hieman suurempi',20030525141939,'mheiskan');
INSERT INTO translation_fi VALUES ('pienempi','pienempi',20030525141932,'mheiskan');
INSERT INTO translation_fi VALUES ('suurempi','suurempi',20030525141925,'mheiskan');
INSERT INTO translation_fi VALUES ('on','on',20030525185508,'mheiskan');
INSERT INTO translation_fi VALUES ('seuraavana yönä','seuraavana yönä',20030525185616,'mheiskan');
INSERT INTO translation_fi VALUES ('7-na','sunnuntaina',20030525141641,'mheiskan');
INSERT INTO translation_fi VALUES ('6-na','lauantaina',20030525141635,'mheiskan');
INSERT INTO translation_fi VALUES ('5-na','perjantaina',20030525141629,'mheiskan');
INSERT INTO translation_fi VALUES ('4-na','torstaina',20030525141616,'mheiskan');
INSERT INTO translation_fi VALUES ('3-na','keskiviikkona',20030525141609,'mheiskan');
INSERT INTO translation_fi VALUES ('2-na','tiistaina',20030525141602,'mheiskan');
INSERT INTO translation_fi VALUES ('1-na','maanantaina',20030525141555,'mheiskan');
INSERT INTO translation_fi VALUES ('odotettavissa','odotettavissa',20030512085059,'mheiskan');
INSERT INTO translation_fi VALUES ('7-illasta','sunnuntai-illasta',20030512123251,'mheiskan');
INSERT INTO translation_fi VALUES ('1-illasta','maanantai-illasta',20030512090629,'mheiskan');
INSERT INTO translation_fi VALUES ('2-illasta','tiistai-illasta',20030512090637,'mheiskan');
INSERT INTO translation_fi VALUES ('3-illasta','keskiviikkoillasta',20030522134950,'mheiskan');
INSERT INTO translation_fi VALUES ('4-illasta','torstai-illasta',20030512090653,'mheiskan');
INSERT INTO translation_fi VALUES ('5-illasta','perjantai-illasta',20030512090701,'mheiskan');
INSERT INTO translation_fi VALUES ('6-illasta','lauantai-illasta',20030512090709,'mheiskan');
INSERT INTO translation_fi VALUES ('7-aamuun','sunnuntaiaamuun',20030512123248,'mheiskan');
INSERT INTO translation_fi VALUES ('1-aamuun','maanantaiaamuun',20030512091143,'mheiskan');
INSERT INTO translation_fi VALUES ('2-aamuun','tiistaiaamuun',20030512091149,'mheiskan');
INSERT INTO translation_fi VALUES ('3-aamuun','keskiviikkoaamuun',20030512091156,'mheiskan');
INSERT INTO translation_fi VALUES ('4-aamuun','torstaiaamuun',20030512091203,'mheiskan');
INSERT INTO translation_fi VALUES ('5-aamuun','perjantaiaamuun',20030512091211,'mheiskan');
INSERT INTO translation_fi VALUES ('6-aamuun','lauantaiaamuun',20030512091218,'mheiskan');
INSERT INTO translation_fi VALUES ('keskilämpötila','keskilämpötila',20030516130353,'mheiskan');
INSERT INTO translation_fi VALUES ('keskimääräinen ylin lämpötila','keskimääräinen ylin lämpötila',20030520101856,'mheiskan');
INSERT INTO translation_fi VALUES ('keskimääräinen alin lämpötila','keskimääräinen alin lämpötila',20030516130426,'mheiskan');
INSERT INTO translation_fi VALUES ('astetta','astetta',20030516130441,'mheiskan');
INSERT INTO translation_fi VALUES ('sadesumma','sadesumma',20030516130449,'mheiskan');
INSERT INTO translation_fi VALUES ('millimetriä','millimetriä',20030516134926,'mheiskan');
INSERT INTO translation_fi VALUES ('alkavan','alkavan',20030522133353,'mheiskan');
INSERT INTO translation_fi VALUES ('1-aamusta','maanantaiaamusta',20030519080431,'mheiskan');
INSERT INTO translation_fi VALUES ('2-aamusta','tiistaiaamusta',20030519080435,'mheiskan');
INSERT INTO translation_fi VALUES ('3-aamusta','keskiviikkoaamusta',20030519080437,'mheiskan');
INSERT INTO translation_fi VALUES ('4-aamusta','torstaiaamusta',20030519080440,'mheiskan');
INSERT INTO translation_fi VALUES ('5-aamusta','perjantaiaamusta',20030519080442,'mheiskan');
INSERT INTO translation_fi VALUES ('6-aamusta','lauantaiaamusta',20030519080444,'mheiskan');
INSERT INTO translation_fi VALUES ('7-aamusta','sunnuntaiaamusta',20030519080447,'mheiskan');
INSERT INTO translation_fi VALUES ('2-vuorokauden sää','kahden vuorokauden sää',20030520100757,'mheiskan');
INSERT INTO translation_fi VALUES ('3-vuorokauden sää','kolmen vuorokauden sää',20030520100806,'mheiskan');
INSERT INTO translation_fi VALUES ('4-vuorokauden sää','neljän vuorokauden sää',20030520100815,'mheiskan');
INSERT INTO translation_fi VALUES ('5-vuorokauden sää','viiden vuorokauden sää',20030520100824,'mheiskan');
INSERT INTO translation_fi VALUES ('6-vuorokauden sää','kuuden vuorokauden sää',20030520100835,'mheiskan');
INSERT INTO translation_fi VALUES ('7-vuorokauden sää','seitsemän vuorokauden sää',20030520100846,'mheiskan');
INSERT INTO translation_fi VALUES ('8-vuorokauden sää','kahdeksan vuorokauden sää',20030520100857,'mheiskan');
INSERT INTO translation_fi VALUES ('9-vuorokauden sää','yhdeksän vuorokauden sää',20030520100906,'mheiskan');
INSERT INTO translation_fi VALUES ('10-vuorokauden sää','kymmenen vuorokauden sää',20030520100915,'mheiskan');
INSERT INTO translation_fi VALUES ('yli','yli',20030522091021,'mheiskan');
INSERT INTO translation_fi VALUES ('1-iltaan','maanantai-iltaan',20030522121742,'mheiskan');
INSERT INTO translation_fi VALUES ('2-iltaan','tiistai-iltaan',20030522121749,'mheiskan');
INSERT INTO translation_fi VALUES ('3-iltaan','keskiviikkoiltaan',20030522134940,'mheiskan');
INSERT INTO translation_fi VALUES ('4-iltaan','torstai-iltaan',20030522121806,'mheiskan');
INSERT INTO translation_fi VALUES ('5-iltaan','perjantai-iltaan',20030522121816,'mheiskan');
INSERT INTO translation_fi VALUES ('6-iltaan','lauantai-iltaan',20030522121825,'mheiskan');
INSERT INTO translation_fi VALUES ('7-iltaan','sunnuntai-iltaan',20030522121832,'mheiskan');
INSERT INTO translation_fi VALUES ('monin paikoin enemmän','monin paikoin enemmän',20030523084452,'mheiskan');
INSERT INTO translation_fi VALUES ('paikoin enemmän','paikoin enemmän',20030523084441,'mheiskan');
INSERT INTO translation_fi VALUES ('monin paikoin','monin paikoin',20030523084431,'mheiskan');
INSERT INTO translation_fi VALUES ('paikoin','paikoin',20030523084423,'mheiskan');
INSERT INTO translation_fi VALUES ('asti','asti',20030522124904,'mheiskan');
INSERT INTO translation_fi VALUES ('päivän ylin lämpötila','päivän ylin lämpötila',20030526134747,'mheiskan');
INSERT INTO translation_fi VALUES ('noin','noin',20030526134946,'mheiskan');
INSERT INTO translation_fi VALUES ('seuraavana päivänä','seuraavana päivänä',20030526135021,'mheiskan');
INSERT INTO translation_fi VALUES ('huomattavasti korkeampi','huomattavasti korkeampi',20030526135141,'mheiskan');
INSERT INTO translation_fi VALUES ('korkeampi','korkeampi',20030526135202,'mheiskan');
INSERT INTO translation_fi VALUES ('suunnilleen sama','suunnilleen sama',20030526135221,'mheiskan');
INSERT INTO translation_fi VALUES ('hieman alempi','hieman alempi',20030526141054,'mheiskan');
INSERT INTO translation_fi VALUES ('alempi','alempi',20030526140053,'mheiskan');
INSERT INTO translation_fi VALUES ('huomattavasti alempi','huomattavasti alempi',20030526140102,'mheiskan');
INSERT INTO translation_fi VALUES ('yön alin lämpötila','yön alin lämpötila',20030526140135,'mheiskan');
INSERT INTO translation_fi VALUES ('hieman korkeampi','hieman korkeampi',20030526141022,'mheiskan');
INSERT INTO translation_fi VALUES ('lopuksi','lopuksi',20030527112142,'mheiskan');
INSERT INTO translation_fi VALUES ('aluksi','aluksi',20030527112137,'mheiskan');
INSERT INTO translation_fi VALUES ('yölämpötila','yölämpötila',20030527112132,'mheiskan');
INSERT INTO translation_fi VALUES ('päivälämpötila','päivälämpötila',20030527112124,'mheiskan');
INSERT INTO translation_fi VALUES ('öiden alin lämpötila','öiden alin lämpötila',20030527112114,'mheiskan');
INSERT INTO translation_fi VALUES ('suunnaltaan vaihtelevaa','suunnaltaan vaihtelevaa',20030527152428,'mheiskan');
INSERT INTO translation_fi VALUES ('8-suunnasta','luoteesta',20030609140852,'mheiskan');
INSERT INTO translation_fi VALUES ('m/s','m/s',20030527151911,'mheiskan');
INSERT INTO translation_fi VALUES ('tyyntä','tyyntä',20030527152037,'mheiskan');
INSERT INTO translation_fi VALUES ('heikkoa','heikkoa',20030527152043,'mheiskan');
INSERT INTO translation_fi VALUES ('kohtalaista','kohtalaista',20030527152049,'mheiskan');
INSERT INTO translation_fi VALUES ('navakkaa','navakkaa',20030527152055,'mheiskan');
INSERT INTO translation_fi VALUES ('kovaa','kovaa',20030527152100,'mheiskan');
INSERT INTO translation_fi VALUES ('myrskyä','myrskyä',20030527152105,'mheiskan');
INSERT INTO translation_fi VALUES ('hirmumyrskyä','hirmumyrskyä',20030527152114,'mheiskan');
INSERT INTO translation_fi VALUES ('tyyneksi','tyyneksi',20030527152120,'mheiskan');
INSERT INTO translation_fi VALUES ('heikoksi','heikoksi',20030527152125,'mheiskan');
INSERT INTO translation_fi VALUES ('kohtalaiseksi','kohtalaiseksi',20030527152132,'mheiskan');
INSERT INTO translation_fi VALUES ('navakaksi','navakaksi',20030527152137,'mheiskan');
INSERT INTO translation_fi VALUES ('kovaksi','kovaksi',20030527152142,'mheiskan');
INSERT INTO translation_fi VALUES ('myrskyksi','myrskyksi',20030527152148,'mheiskan');
INSERT INTO translation_fi VALUES ('hirmumyrskyksi','hirmumyrskyksi',20030527152157,'mheiskan');
INSERT INTO translation_fi VALUES ('tuulta','tuulta',20030527152203,'mheiskan');
INSERT INTO translation_fi VALUES ('tuuli','tuuli',20030527152221,'mheiskan');
INSERT INTO translation_fi VALUES ('yöllä','yöllä',20030527152229,'mheiskan');
INSERT INTO translation_fi VALUES ('päivällä','päivällä',20030527152236,'mheiskan');
INSERT INTO translation_fi VALUES ('tuuli tyyntyy','tuuli tyyntyy',20030527152300,'mheiskan');
INSERT INTO translation_fi VALUES ('tuuli heikkenee','tuuli heikkenee',20030527152307,'mheiskan');
INSERT INTO translation_fi VALUES ('tuuli voimistuu','tuuli voimistuu',20030527152315,'mheiskan');
INSERT INTO translation_fi VALUES ('edelleen','edelleen',20030527152320,'mheiskan');
INSERT INTO translation_fi VALUES ('heikkenevää','heikkenevää',20030527152327,'mheiskan');
INSERT INTO translation_fi VALUES ('voimistuvaa','voimistuvaa',20030527152332,'mheiskan');
INSERT INTO translation_fi VALUES ('1-tuulta','pohjoistuulta',20030530120931,'mheiskan');
INSERT INTO translation_fi VALUES ('2-tuulta','koillistuulta',20030527152444,'mheiskan');
INSERT INTO translation_fi VALUES ('3-tuulta','itätuulta',20030527152452,'mheiskan');
INSERT INTO translation_fi VALUES ('4-tuulta','kaakkoistuulta',20030527152458,'mheiskan');
INSERT INTO translation_fi VALUES ('5-tuulta','etelätuulta',20030527152505,'mheiskan');
INSERT INTO translation_fi VALUES ('6-tuulta','lounaistuulta',20030527152514,'mheiskan');
INSERT INTO translation_fi VALUES ('7-tuulta','länsituulta',20030527152521,'mheiskan');
INSERT INTO translation_fi VALUES ('8-tuulta','luoteistuulta',20030527152528,'mheiskan');
INSERT INTO translation_fi VALUES ('1-tuuleksi','pohjoistuuleksi',20030527152537,'mheiskan');
INSERT INTO translation_fi VALUES ('2-tuuleksi','koillistuuleksi',20030527152544,'mheiskan');
INSERT INTO translation_fi VALUES ('3-tuuleksi','itätuuleksi',20030527152550,'mheiskan');
INSERT INTO translation_fi VALUES ('4-tuuleksi','kaakkoistuuleksi',20030527152558,'mheiskan');
INSERT INTO translation_fi VALUES ('5-tuuleksi','etelätuuleksi',20030527152605,'mheiskan');
INSERT INTO translation_fi VALUES ('6-tuuleksi','lounaistuuleksi',20030527152613,'mheiskan');
INSERT INTO translation_fi VALUES ('7-tuuleksi','länsituuleksi',20030527152621,'mheiskan');
INSERT INTO translation_fi VALUES ('8-tuuleksi','luoteistuuleksi',20030527152629,'mheiskan');
INSERT INTO translation_fi VALUES ('1-puoleista tuulta','pohjoisen puoleista tuulta',20030527152641,'mheiskan');
INSERT INTO translation_fi VALUES ('2-puoleista tuulta','koillisen puoleista tuulta',20030527152657,'mheiskan');
INSERT INTO translation_fi VALUES ('3-puoleista tuulta','idän puoleista tuulta',20030527152706,'mheiskan');
INSERT INTO translation_fi VALUES ('4-puoleista tuulta','kaakon puoleista tuulta',20030527152715,'mheiskan');
INSERT INTO translation_fi VALUES ('5-puoleista tuulta','etelän puoleista tuulta',20030527152725,'mheiskan');
INSERT INTO translation_fi VALUES ('6-puoleista tuulta','lounaan puoleista tuulta',20030527152735,'mheiskan');
INSERT INTO translation_fi VALUES ('7-puoleista tuulta','lännen puoleista tuulta',20030527152745,'mheiskan');
INSERT INTO translation_fi VALUES ('8-puoleista tuulta','luoteen puoleista tuulta',20030527152755,'mheiskan');
INSERT INTO translation_fi VALUES ('1-puoleiseksi tuuleksi','pohjoisen puoleiseksi tuuleksi',20030527152808,'mheiskan');
INSERT INTO translation_fi VALUES ('2-puoleiseksi tuuleksi','koillisen puoleiseksi tuuleksi',20030527152819,'mheiskan');
INSERT INTO translation_fi VALUES ('3-puoleiseksi tuuleksi','idän puoleiseksi tuuleksi',20030527152830,'mheiskan');
INSERT INTO translation_fi VALUES ('4-puoleiseksi tuuleksi','kaakon puoleiseksi tuuleksi',20030527152841,'mheiskan');
INSERT INTO translation_fi VALUES ('5-puoleiseksi tuuleksi','etelän puoleiseksi tuuleksi',20030527152855,'mheiskan');
INSERT INTO translation_fi VALUES ('6-puoleiseksi tuuleksi','lounaan puoleiseksi tuuleksi',20030527152908,'mheiskan');
INSERT INTO translation_fi VALUES ('7-puoleiseksi tuuleksi','lännen puoleiseksi tuuleksi',20030527152926,'mheiskan');
INSERT INTO translation_fi VALUES ('8-puoleiseksi tuuleksi','luoteen puoleiseksi tuuleksi',20030527152937,'mheiskan');
INSERT INTO translation_fi VALUES ('enimmäkseen','enimmäkseen',20030527155749,'mheiskan');
INSERT INTO translation_fi VALUES ('selkeää','selkeää',20030527155756,'mheiskan');
INSERT INTO translation_fi VALUES ('puolipilvistä','puolipilvistä',20030527155806,'mheiskan');
INSERT INTO translation_fi VALUES ('pilvistä','pilvistä',20030527155812,'mheiskan');
INSERT INTO translation_fi VALUES ('sääennuste','sääennuste',20030604064023,'mheiskan');
INSERT INTO translation_fi VALUES ('poutaa','poutaa',20030527155853,'mheiskan');
INSERT INTO translation_fi VALUES ('sadetta','sadetta',20030527155901,'mheiskan');
INSERT INTO translation_fi VALUES ('räntäsadetta','räntäsadetta',20030527155910,'mheiskan');
INSERT INTO translation_fi VALUES ('lumisadetta','lumisadetta',20030527155916,'mheiskan');
INSERT INTO translation_fi VALUES ('vesisadetta','vesisadetta',20030527155930,'mheiskan');
INSERT INTO translation_fi VALUES ('lumi-','lumi-',20030527155937,'mheiskan');
INSERT INTO translation_fi VALUES ('vesi-','vesi-',20030527155943,'mheiskan');
INSERT INTO translation_fi VALUES ('räntä-','räntä-',20030527155949,'mheiskan');
INSERT INTO translation_fi VALUES ('tai','tai',20030527155953,'mheiskan');
INSERT INTO translation_fi VALUES ('ajoittain sateista','ajoittain sateista',20030527160001,'mheiskan');
INSERT INTO translation_fi VALUES ('sää on epävakaista','sää on epävakaista',20030527160011,'mheiskan');
INSERT INTO translation_fi VALUES ('selkenevää','selkenevää',20030527160017,'mheiskan');
INSERT INTO translation_fi VALUES ('pilvistyvää','pilvistyvää',20030527160024,'mheiskan');
INSERT INTO translation_fi VALUES ('ajoittain lumisadetta','ajoittain lumisadetta',20030527161826,'mheiskan');
INSERT INTO translation_fi VALUES ('ajoittain sadetta','ajoittain sadetta',20030527161834,'mheiskan');
INSERT INTO translation_fi VALUES ('heikkoa sadetta','heikkoa sadetta',20030527161842,'mheiskan');
INSERT INTO translation_fi VALUES ('lumikuuroja','lumikuuroja',20030527161849,'mheiskan');
INSERT INTO translation_fi VALUES ('melko selkeää','melko selkeää',20030527161856,'mheiskan');
INSERT INTO translation_fi VALUES ('runsasta sadetta','runsasta sadetta',20030527161930,'mheiskan');
INSERT INTO translation_fi VALUES ('sakeaa lumisadetta','sakeaa lumisadetta',20030527161954,'mheiskan');
INSERT INTO translation_fi VALUES ('sakeita lumikuuroja','sakeita lumikuuroja',20030527162011,'mheiskan');
INSERT INTO translation_fi VALUES ('vaihtelevaa pilvisyyttä','vaihtelevaa pilvisyyttä',20030527162032,'mheiskan');
INSERT INTO translation_fi VALUES ('voimakkaita kuuroja','voimakkaita kuuroja',20030527162041,'mheiskan');
INSERT INTO translation_fi VALUES ('vähäisiä kuuroja','vähäisiä kuuroja',20030527162050,'mheiskan');
INSERT INTO translation_fi VALUES ('vähäistä lumisadetta','vähäistä lumisadetta',20030527162100,'mheiskan');
INSERT INTO translation_fi VALUES ('mahdollisesti ukkosta','mahdollisesti ukkosta',20030527162109,'mheiskan');
INSERT INTO translation_fi VALUES ('ajoittain ukkosta','ajoittain ukkosta',20030527162117,'mheiskan');
INSERT INTO translation_fi VALUES ('viiva','viiva',20030527162212,'mheiskan');
INSERT INTO translation_fi VALUES ('miinus','miinus',20030527162216,'mheiskan');
INSERT INTO translation_fi VALUES ('päivien ylin lämpötila','päivien ylin lämpötila',20030528083806,'mheiskan');
INSERT INTO translation_fi VALUES ('kello','kello',20030604064028,'mheiskan');
INSERT INTO translation_fi VALUES ('o\'clock','',20030604064034,'mheiskan');
INSERT INTO translation_fi VALUES ('aland:lle','Ahvenanmaalle',20030604064853,'mheiskan');
INSERT INTO translation_fi VALUES ('etela-karjala:lle','Etelä-Karjalaan',20030604064903,'mheiskan');
INSERT INTO translation_fi VALUES ('etela-pohjanmaa:lle','Etelä-Pohjanmaalle',20030604064914,'mheiskan');
INSERT INTO translation_fi VALUES ('etela-savo:lle','Etelä-Savoon',20030604064925,'mheiskan');
INSERT INTO translation_fi VALUES ('hame:lle','Hämeeseen',20030604064934,'mheiskan');
INSERT INTO translation_fi VALUES ('kainuu:lle','Kainuuseen',20030604064941,'mheiskan');
INSERT INTO translation_fi VALUES ('keski-pohjanmaa:lle','Keski-Pohjanmaalle',20030604064952,'mheiskan');
INSERT INTO translation_fi VALUES ('keski-suomi:lle','Keski-Suomeen',20030604065003,'mheiskan');
INSERT INTO translation_fi VALUES ('koillismaa:lle','Koillismaalle',20030604065014,'mheiskan');
INSERT INTO translation_fi VALUES ('kymenlaakso:lle','Kymenlaaksoon',20030604065023,'mheiskan');
INSERT INTO translation_fi VALUES ('lansi-lappi:lle','Länsi-Lappiin',20030604065034,'mheiskan');
INSERT INTO translation_fi VALUES ('nyland:lle','Uudellemaalle',20030604065043,'mheiskan');
INSERT INTO translation_fi VALUES ('osterbotten:lle','Pohjanmaalle',20030604065051,'mheiskan');
INSERT INTO translation_fi VALUES ('paijat-hame:lle','Päijät-Hämeeseen',20030604065101,'mheiskan');
INSERT INTO translation_fi VALUES ('pirkanmaa:lle','Pirkanmaalle',20030604065109,'mheiskan');
INSERT INTO translation_fi VALUES ('pohjois-karjala:lle','Pohjois-Karjalaan',20030604065121,'mheiskan');
INSERT INTO translation_fi VALUES ('pohjois-lappi:lle','Pohjois-Lappiin',20030604065131,'mheiskan');
INSERT INTO translation_fi VALUES ('pohjois-pohjanmaa:lle','Pohjois-Pohjanmaalle',20030604065144,'mheiskan');
INSERT INTO translation_fi VALUES ('pohjois-savo:lle','Pohjois-Savoon',20030604065154,'mheiskan');
INSERT INTO translation_fi VALUES ('satakunta:lle','Satakuntaan',20030604065201,'mheiskan');
INSERT INTO translation_fi VALUES ('uusimaa:lle','Uudellemaalle',20030604065336,'mheiskan');
INSERT INTO translation_fi VALUES ('varsinais-suomi:lle','Varsinais-Suomeen',20030604065218,'mheiskan');
INSERT INTO translation_fi VALUES ('huomattavasti suurempi','huomattavasti suurempi',20030604075444,'mheiskan');
INSERT INTO translation_fi VALUES ('huomattavasti pienempi','huomattavasti pienempi',20030604075651,'mheiskan');
INSERT INTO translation_fi VALUES ('rannikolla','rannikolla',20030605180424,'mheiskan');
INSERT INTO translation_fi VALUES ('metriä sekunnissa','metriä sekunnissa',20030608231012,'mheiskan');
INSERT INTO translation_fi VALUES ('1-alkaen','maanantaista alkaen',20030608231330,'mheiskan');
INSERT INTO translation_fi VALUES ('2-alkaen','tiistaista alkaen',20030608231338,'mheiskan');
INSERT INTO translation_fi VALUES ('3-alkaen','keskiviikosta alkaen',20030608231348,'mheiskan');
INSERT INTO translation_fi VALUES ('4-alkaen','torstaista alkaen',20030608231356,'mheiskan');
INSERT INTO translation_fi VALUES ('6-alkaen','lauantaista alkaen',20030608231421,'mheiskan');
INSERT INTO translation_fi VALUES ('5-alkaen','perjantaista alkaen',20030608231432,'mheiskan');
INSERT INTO translation_fi VALUES ('7-alkaen','sunnuntaista alkaen',20030608231441,'mheiskan');
INSERT INTO translation_fi VALUES ('tänään','tänään',20030609094734,'mheiskan');
INSERT INTO translation_fi VALUES ('huomenna','huomenna',20030609094739,'mheiskan');
INSERT INTO translation_fi VALUES ('ylihuomenna','ylihuomenna',20030609094745,'mheiskan');
INSERT INTO translation_fi VALUES ('ensi yönä','ensi yönä',20030609094752,'mheiskan');
INSERT INTO translation_fi VALUES ('huomisaamuna','huomisaamuna',20030609094759,'mheiskan');
INSERT INTO translation_fi VALUES ('aamulla','aamulla',20030609094816,'mheiskan');
INSERT INTO translation_fi VALUES ('illalla','illalla',20030609094821,'mheiskan');
INSERT INTO translation_fi VALUES ('aamupäivällä','aamupäivällä',20030609094829,'mheiskan');
INSERT INTO translation_fi VALUES ('iltapäivällä','iltapäivällä',20030609094838,'mheiskan');
INSERT INTO translation_fi VALUES ('aamuyöllä','aamuyöllä',20030609094847,'mheiskan');
INSERT INTO translation_fi VALUES ('keskipäivällä','keskipäivällä',20030609094856,'mheiskan');
INSERT INTO translation_fi VALUES ('iltayöllä','iltayöllä',20030609094903,'mheiskan');
INSERT INTO translation_fi VALUES ('keskiyöllä','keskiyöllä',20030609094911,'mheiskan');
INSERT INTO translation_fi VALUES ('yöstä alkaen','yöstä alkaen',20030609094919,'mheiskan');
INSERT INTO translation_fi VALUES ('aamuyöstä alkaen','aamuyöstä alkaen',20030609094927,'mheiskan');
INSERT INTO translation_fi VALUES ('aamusta alkaen','aamusta alkaen',20030609094934,'mheiskan');
INSERT INTO translation_fi VALUES ('aamupäivästä alkaen','aamupäivästä alkaen',20030609094945,'mheiskan');
INSERT INTO translation_fi VALUES ('keskipäivästä alkaen','keskipäivästä alkaen',20030609095011,'mheiskan');
INSERT INTO translation_fi VALUES ('iltapäivästä alkaen','iltapäivästä alkaen',20030609095023,'mheiskan');
INSERT INTO translation_fi VALUES ('illasta alkaen','illasta alkaen',20030609095031,'mheiskan');
INSERT INTO translation_fi VALUES ('iltayöstä alkaen','iltayöstä alkaen',20030609095039,'mheiskan');
INSERT INTO translation_fi VALUES ('keskiyöstä alkaen','keskiyöstä alkaen',20030609095047,'mheiskan');
INSERT INTO translation_fi VALUES ('sää','sää',20030609115345,'mheiskan');
INSERT INTO translation_fi VALUES ('matalapaine','matalapaine',20030609115359,'mheiskan');
INSERT INTO translation_fi VALUES ('korkeapaine','korkeapaine',20030609115405,'mheiskan');
INSERT INTO translation_fi VALUES ('vahvistuu','vahvistuu',20030609115413,'mheiskan');
INSERT INTO translation_fi VALUES ('syvenee','syvenee',20030609115418,'mheiskan');
INSERT INTO translation_fi VALUES ('matalapaineen alue','matalapaineen alue',20030609115427,'mheiskan');
INSERT INTO translation_fi VALUES ('korkeapaineen alue','korkeapaineen alue',20030609115434,'mheiskan');
INSERT INTO translation_fi VALUES ('laaja','laaja',20030609115437,'mheiskan');
INSERT INTO translation_fi VALUES ('lähestyy','lähestyy',20030609115443,'mheiskan');
INSERT INTO translation_fi VALUES ('loittonee','loittonee',20030609115449,'mheiskan');
INSERT INTO translation_fi VALUES ('leviää','leviää',20030609115453,'mheiskan');
INSERT INTO translation_fi VALUES ('sadealue','sadealue',20030609115458,'mheiskan');
INSERT INTO translation_fi VALUES ('lämpenee','lämpenee',20030609115506,'mheiskan');
INSERT INTO translation_fi VALUES ('viilenee','viilenee',20030609115511,'mheiskan');
INSERT INTO translation_fi VALUES ('muuttuu','muuttuu',20030609115519,'mheiskan');
INSERT INTO translation_fi VALUES ('kuivemmaksi','kuivemmaksi',20030609115524,'mheiskan');
INSERT INTO translation_fi VALUES ('kosteammaksi','kosteammaksi',20030609115530,'mheiskan');
INSERT INTO translation_fi VALUES ('liikkuu','liikkuu',20030609115547,'mheiskan');
INSERT INTO translation_fi VALUES ('alueen yli','alueen yli',20030609115553,'mheiskan');
INSERT INTO translation_fi VALUES ('1-suuntaan','pohjoiseen',20030609115601,'mheiskan');
INSERT INTO translation_fi VALUES ('2-suuntaan','koilliseen',20030609115608,'mheiskan');
INSERT INTO translation_fi VALUES ('3-suuntaan','itään',20030609115614,'mheiskan');
INSERT INTO translation_fi VALUES ('4-suuntaan','kaakkoon',20030609115620,'mheiskan');
INSERT INTO translation_fi VALUES ('5-suuntaan','etelään',20030609115626,'mheiskan');
INSERT INTO translation_fi VALUES ('6-suuntaan','lounaaseen',20030609115633,'mheiskan');
INSERT INTO translation_fi VALUES ('7-suuntaan','länteen',20030609115638,'mheiskan');
INSERT INTO translation_fi VALUES ('8-suuntaan','luoteeseen',20030609115644,'mheiskan');
INSERT INTO translation_fi VALUES ('1-suunnasta','pohjoisesta',20030609115650,'mheiskan');
INSERT INTO translation_fi VALUES ('2-suunnasta','koillisesta',20030609115658,'mheiskan');
INSERT INTO translation_fi VALUES ('3-suunnasta','idästä',20030609115703,'mheiskan');
INSERT INTO translation_fi VALUES ('4-suunnasta','kaakosta',20030609115709,'mheiskan');
INSERT INTO translation_fi VALUES ('5-suunnasta','etelästä',20030609115717,'mheiskan');
INSERT INTO translation_fi VALUES ('6-suunnasta','lounaasta',20030609115725,'mheiskan');
INSERT INTO translation_fi VALUES ('7-suunnasta','lännestä',20030609115731,'mheiskan');
INSERT INTO translation_fi VALUES ('prosenttia','prosenttia',20030610080930,'mheiskan');

--
-- Table structure for table 'translation_sonera'
--

CREATE TABLE translation_sonera (
  keyword varchar(32) NOT NULL default '',
  translation varchar(255) NOT NULL default '',
  modtime timestamp(14) NOT NULL,
  user varchar(32) default '',
  PRIMARY KEY  (keyword)
) TYPE=MyISAM;

--
-- Dumping data for table 'translation_sonera'
--

INSERT INTO translation_sonera VALUES ('1-aamusta','200',20030609184324,'mheiskan');
INSERT INTO translation_sonera VALUES ('1-aamuun','201',20030609184324,'mheiskan');
INSERT INTO translation_sonera VALUES ('1-alkaen','202',20030609184324,'mheiskan');
INSERT INTO translation_sonera VALUES ('1-illasta','203',20030609184324,'mheiskan');
INSERT INTO translation_sonera VALUES ('1-iltaan','204',20030609184324,'mheiskan');
INSERT INTO translation_sonera VALUES ('1-na','205',20030609184324,'mheiskan');
INSERT INTO translation_sonera VALUES ('1-puoleiseksi tuuleksi','206',20030609184324,'mheiskan');
INSERT INTO translation_sonera VALUES ('1-puoleista tuulta','207',20030609184324,'mheiskan');
INSERT INTO translation_sonera VALUES ('1-suunnasta','208',20030609184324,'mheiskan');
INSERT INTO translation_sonera VALUES ('1-suuntaan','209',20030609184324,'mheiskan');
INSERT INTO translation_sonera VALUES ('1-tuuleksi','210',20030609184324,'mheiskan');
INSERT INTO translation_sonera VALUES ('1-tuulta','211',20030609184324,'mheiskan');
INSERT INTO translation_sonera VALUES ('1-vastaisena yönä','212',20030609184324,'mheiskan');
INSERT INTO translation_sonera VALUES ('2-aamusta','213',20030609184324,'mheiskan');
INSERT INTO translation_sonera VALUES ('2-aamuun','214',20030609184324,'mheiskan');
INSERT INTO translation_sonera VALUES ('2-alkaen','215',20030609184324,'mheiskan');
INSERT INTO translation_sonera VALUES ('2-illasta','216',20030609184324,'mheiskan');
INSERT INTO translation_sonera VALUES ('2-iltaan','217',20030609184324,'mheiskan');
INSERT INTO translation_sonera VALUES ('2-na','218',20030609184324,'mheiskan');
INSERT INTO translation_sonera VALUES ('2-puoleiseksi tuuleksi','219',20030609184324,'mheiskan');
INSERT INTO translation_sonera VALUES ('2-puoleista tuulta','220',20030609184324,'mheiskan');
INSERT INTO translation_sonera VALUES ('2-suunnasta','221',20030609184324,'mheiskan');
INSERT INTO translation_sonera VALUES ('2-suuntaan','222',20030609184324,'mheiskan');
INSERT INTO translation_sonera VALUES ('2-tuuleksi','223',20030609184324,'mheiskan');
INSERT INTO translation_sonera VALUES ('2-tuulta','224',20030609184324,'mheiskan');
INSERT INTO translation_sonera VALUES ('2-vastaisena yönä','225',20030609184324,'mheiskan');
INSERT INTO translation_sonera VALUES ('3-aamusta','226',20030609184324,'mheiskan');
INSERT INTO translation_sonera VALUES ('3-aamuun','227',20030609184324,'mheiskan');
INSERT INTO translation_sonera VALUES ('3-alkaen','228',20030609184324,'mheiskan');
INSERT INTO translation_sonera VALUES ('3-illasta','229',20030609184324,'mheiskan');
INSERT INTO translation_sonera VALUES ('3-iltaan','230',20030609184324,'mheiskan');
INSERT INTO translation_sonera VALUES ('3-na','231',20030609184324,'mheiskan');
INSERT INTO translation_sonera VALUES ('3-puoleiseksi tuuleksi','232',20030609184324,'mheiskan');
INSERT INTO translation_sonera VALUES ('3-puoleista tuulta','233',20030609184324,'mheiskan');
INSERT INTO translation_sonera VALUES ('3-suunnasta','234',20030609184324,'mheiskan');
INSERT INTO translation_sonera VALUES ('3-suuntaan','235',20030609184324,'mheiskan');
INSERT INTO translation_sonera VALUES ('3-tuuleksi','236',20030609184324,'mheiskan');
INSERT INTO translation_sonera VALUES ('3-tuulta','237',20030609184324,'mheiskan');
INSERT INTO translation_sonera VALUES ('3-vastaisena yönä','238',20030609184324,'mheiskan');
INSERT INTO translation_sonera VALUES ('4-aamusta','239',20030609184324,'mheiskan');
INSERT INTO translation_sonera VALUES ('4-aamuun','240',20030609184324,'mheiskan');
INSERT INTO translation_sonera VALUES ('4-alkaen','241',20030609184324,'mheiskan');
INSERT INTO translation_sonera VALUES ('4-illasta','242',20030609184324,'mheiskan');
INSERT INTO translation_sonera VALUES ('4-iltaan','243',20030609184324,'mheiskan');
INSERT INTO translation_sonera VALUES ('4-na','244',20030609184324,'mheiskan');
INSERT INTO translation_sonera VALUES ('4-puoleiseksi tuuleksi','245',20030609184324,'mheiskan');
INSERT INTO translation_sonera VALUES ('4-puoleista tuulta','246',20030609184324,'mheiskan');
INSERT INTO translation_sonera VALUES ('4-suunnasta','247',20030609184324,'mheiskan');
INSERT INTO translation_sonera VALUES ('4-suuntaan','248',20030609184324,'mheiskan');
INSERT INTO translation_sonera VALUES ('4-tuuleksi','249',20030609184324,'mheiskan');
INSERT INTO translation_sonera VALUES ('4-tuulta','250',20030609184324,'mheiskan');
INSERT INTO translation_sonera VALUES ('4-vastaisena yönä','251',20030609184324,'mheiskan');
INSERT INTO translation_sonera VALUES ('5-aamusta','252',20030609184324,'mheiskan');
INSERT INTO translation_sonera VALUES ('5-aamuun','253',20030609184324,'mheiskan');
INSERT INTO translation_sonera VALUES ('5-alkaen','254',20030609184324,'mheiskan');
INSERT INTO translation_sonera VALUES ('5-illasta','255',20030609184324,'mheiskan');
INSERT INTO translation_sonera VALUES ('5-iltaan','256',20030609184324,'mheiskan');
INSERT INTO translation_sonera VALUES ('5-na','257',20030609184324,'mheiskan');
INSERT INTO translation_sonera VALUES ('5-puoleiseksi tuuleksi','258',20030609184324,'mheiskan');
INSERT INTO translation_sonera VALUES ('5-puoleista tuulta','259',20030609184324,'mheiskan');
INSERT INTO translation_sonera VALUES ('5-suunnasta','260',20030609184324,'mheiskan');
INSERT INTO translation_sonera VALUES ('5-suuntaan','261',20030609184324,'mheiskan');
INSERT INTO translation_sonera VALUES ('5-tuuleksi','262',20030609184324,'mheiskan');
INSERT INTO translation_sonera VALUES ('5-tuulta','263',20030609184324,'mheiskan');
INSERT INTO translation_sonera VALUES ('5-vastaisena yönä','264',20030609184324,'mheiskan');
INSERT INTO translation_sonera VALUES ('5-vuorokauden sää','265',20030609184324,'mheiskan');
INSERT INTO translation_sonera VALUES ('6-aamusta','266',20030609184324,'mheiskan');
INSERT INTO translation_sonera VALUES ('6-aamuun','267',20030609184324,'mheiskan');
INSERT INTO translation_sonera VALUES ('6-alkaen','268',20030609184324,'mheiskan');
INSERT INTO translation_sonera VALUES ('6-illasta','269',20030609184324,'mheiskan');
INSERT INTO translation_sonera VALUES ('6-iltaan','270',20030609184324,'mheiskan');
INSERT INTO translation_sonera VALUES ('6-na','271',20030609184324,'mheiskan');
INSERT INTO translation_sonera VALUES ('6-puoleiseksi tuuleksi','272',20030609184324,'mheiskan');
INSERT INTO translation_sonera VALUES ('6-puoleista tuulta','273',20030609184324,'mheiskan');
INSERT INTO translation_sonera VALUES ('6-suunnasta','274',20030609184324,'mheiskan');
INSERT INTO translation_sonera VALUES ('6-suuntaan','275',20030609184324,'mheiskan');
INSERT INTO translation_sonera VALUES ('6-tuuleksi','276',20030609184324,'mheiskan');
INSERT INTO translation_sonera VALUES ('6-tuulta','277',20030609184324,'mheiskan');
INSERT INTO translation_sonera VALUES ('6-vastaisena yönä','278',20030609184324,'mheiskan');
INSERT INTO translation_sonera VALUES ('7-aamusta','279',20030609184324,'mheiskan');
INSERT INTO translation_sonera VALUES ('7-aamuun','280',20030609184324,'mheiskan');
INSERT INTO translation_sonera VALUES ('7-alkaen','281',20030609184324,'mheiskan');
INSERT INTO translation_sonera VALUES ('7-illasta','282',20030609184324,'mheiskan');
INSERT INTO translation_sonera VALUES ('7-iltaan','283',20030609184324,'mheiskan');
INSERT INTO translation_sonera VALUES ('7-na','284',20030609184324,'mheiskan');
INSERT INTO translation_sonera VALUES ('7-puoleiseksi tuuleksi','285',20030609184324,'mheiskan');
INSERT INTO translation_sonera VALUES ('7-puoleista tuulta','286',20030609184324,'mheiskan');
INSERT INTO translation_sonera VALUES ('7-suunnasta','287',20030609184324,'mheiskan');
INSERT INTO translation_sonera VALUES ('7-suuntaan','288',20030609184324,'mheiskan');
INSERT INTO translation_sonera VALUES ('7-tuuleksi','289',20030609184324,'mheiskan');
INSERT INTO translation_sonera VALUES ('7-tuulta','290',20030609184324,'mheiskan');
INSERT INTO translation_sonera VALUES ('7-vastaisena yönä','291',20030609184324,'mheiskan');
INSERT INTO translation_sonera VALUES ('8-puoleiseksi tuuleksi','292',20030609184324,'mheiskan');
INSERT INTO translation_sonera VALUES ('8-puoleista tuulta','293',20030609184324,'mheiskan');
INSERT INTO translation_sonera VALUES ('8-suunnasta','294',20030609184324,'mheiskan');
INSERT INTO translation_sonera VALUES ('8-suuntaan','295',20030609184324,'mheiskan');
INSERT INTO translation_sonera VALUES ('8-tuuleksi','296',20030609184324,'mheiskan');
INSERT INTO translation_sonera VALUES ('8-tuulta','297',20030609184324,'mheiskan');
INSERT INTO translation_sonera VALUES ('aamulla','298',20030609184324,'mheiskan');
INSERT INTO translation_sonera VALUES ('aamupäivällä','299',20030609184324,'mheiskan');
INSERT INTO translation_sonera VALUES ('aamupäivästä alkaen','300',20030609184324,'mheiskan');
INSERT INTO translation_sonera VALUES ('aamusta alkaen','301',20030609184324,'mheiskan');
INSERT INTO translation_sonera VALUES ('aamuyöllä','302',20030609184324,'mheiskan');
INSERT INTO translation_sonera VALUES ('aamuyöstä alkaen','303',20030609184324,'mheiskan');
INSERT INTO translation_sonera VALUES ('ajoittain lumisadetta','304',20030609184324,'mheiskan');
INSERT INTO translation_sonera VALUES ('ajoittain sadetta','305',20030609184324,'mheiskan');
INSERT INTO translation_sonera VALUES ('ajoittain sateista','306',20030609184324,'mheiskan');
INSERT INTO translation_sonera VALUES ('ajoittain ukkosta','307',20030609184324,'mheiskan');
INSERT INTO translation_sonera VALUES ('aland:lle','308',20030609184324,'mheiskan');
INSERT INTO translation_sonera VALUES ('alempi','309',20030609184324,'mheiskan');
INSERT INTO translation_sonera VALUES ('alin suhteellinen kosteus','310',20030609184324,'mheiskan');
INSERT INTO translation_sonera VALUES ('alkavan','311',20030609184324,'mheiskan');
INSERT INTO translation_sonera VALUES ('alueen yli','312',20030609184324,'mheiskan');
INSERT INTO translation_sonera VALUES ('aluksi','313',20030609184324,'mheiskan');
INSERT INTO translation_sonera VALUES ('ankaran hallan todennäköisyys','314',20030609184324,'mheiskan');
INSERT INTO translation_sonera VALUES ('astetta','315',20030609184324,'mheiskan');
INSERT INTO translation_sonera VALUES ('asti','316',20030609184324,'mheiskan');
INSERT INTO translation_sonera VALUES ('edelleen','317',20030609184324,'mheiskan');
INSERT INTO translation_sonera VALUES ('enimmäkseen','318',20030609184324,'mheiskan');
INSERT INTO translation_sonera VALUES ('ensi yönä','319',20030609184324,'mheiskan');
INSERT INTO translation_sonera VALUES ('etela-karjala:lle','320',20030609184324,'mheiskan');
INSERT INTO translation_sonera VALUES ('etela-pohjanmaa:lle','321',20030609184324,'mheiskan');
INSERT INTO translation_sonera VALUES ('etela-savo:lle','322',20030609184324,'mheiskan');
INSERT INTO translation_sonera VALUES ('hallan todennäköisyys','323',20030609184324,'mheiskan');
INSERT INTO translation_sonera VALUES ('hame:lle','324',20030609184324,'mheiskan');
INSERT INTO translation_sonera VALUES ('heikkenevää','325',20030609184324,'mheiskan');
INSERT INTO translation_sonera VALUES ('heikkoa sadetta','326',20030609184324,'mheiskan');
INSERT INTO translation_sonera VALUES ('heikkoa','327',20030609184324,'mheiskan');
INSERT INTO translation_sonera VALUES ('heikoksi','328',20030609184324,'mheiskan');
INSERT INTO translation_sonera VALUES ('hieman alempi','329',20030609184324,'mheiskan');
INSERT INTO translation_sonera VALUES ('hieman korkeampi','330',20030609184324,'mheiskan');
INSERT INTO translation_sonera VALUES ('hieman pienempi','331',20030609184324,'mheiskan');
INSERT INTO translation_sonera VALUES ('hieman suurempi','332',20030609184324,'mheiskan');
INSERT INTO translation_sonera VALUES ('hirmumyrskyksi','333',20030609184324,'mheiskan');
INSERT INTO translation_sonera VALUES ('hirmumyrskyä','334',20030609184324,'mheiskan');
INSERT INTO translation_sonera VALUES ('huomattavasti alempi','335',20030609184324,'mheiskan');
INSERT INTO translation_sonera VALUES ('huomattavasti korkeampi','336',20030609184324,'mheiskan');
INSERT INTO translation_sonera VALUES ('huomattavasti lämpimämpi','337',20030609184324,'mheiskan');
INSERT INTO translation_sonera VALUES ('huomattavasti pienempi','338',20030609184324,'mheiskan');
INSERT INTO translation_sonera VALUES ('huomattavasti suurempi','339',20030609184324,'mheiskan');
INSERT INTO translation_sonera VALUES ('huomenna','340',20030609184324,'mheiskan');
INSERT INTO translation_sonera VALUES ('huomisaamuna','341',20030609184324,'mheiskan');
INSERT INTO translation_sonera VALUES ('illalla','342',20030609184324,'mheiskan');
INSERT INTO translation_sonera VALUES ('illasta alkaen','343',20030609184324,'mheiskan');
INSERT INTO translation_sonera VALUES ('iltapäivällä','344',20030609184324,'mheiskan');
INSERT INTO translation_sonera VALUES ('iltapäivästä alkaen','345',20030609184324,'mheiskan');
INSERT INTO translation_sonera VALUES ('iltayöllä','346',20030609184324,'mheiskan');
INSERT INTO translation_sonera VALUES ('iltayöstä alkaen','347',20030609184324,'mheiskan');
INSERT INTO translation_sonera VALUES ('kainuu:lle','348',20030609184324,'mheiskan');
INSERT INTO translation_sonera VALUES ('kello','349',20030609184324,'mheiskan');
INSERT INTO translation_sonera VALUES ('keski-pohjanmaa:lle','350',20030609184324,'mheiskan');
INSERT INTO translation_sonera VALUES ('keski-suomi:lle','351',20030609184324,'mheiskan');
INSERT INTO translation_sonera VALUES ('keskilämpötila','352',20030609184324,'mheiskan');
INSERT INTO translation_sonera VALUES ('keskimääräinen alin lämpötila','353',20030609184324,'mheiskan');
INSERT INTO translation_sonera VALUES ('keskimääräinen ylin lämpötila','354',20030609184324,'mheiskan');
INSERT INTO translation_sonera VALUES ('keskipäivällä','355',20030609184324,'mheiskan');
INSERT INTO translation_sonera VALUES ('keskipäivästä alkaen','356',20030609184324,'mheiskan');
INSERT INTO translation_sonera VALUES ('keskiyöllä','357',20030609184324,'mheiskan');
INSERT INTO translation_sonera VALUES ('keskiyöstä alkaen','358',20030609184324,'mheiskan');
INSERT INTO translation_sonera VALUES ('kohtalaiseksi','359',20030609184324,'mheiskan');
INSERT INTO translation_sonera VALUES ('kohtalaista','360',20030609184324,'mheiskan');
INSERT INTO translation_sonera VALUES ('koillismaa:lle','361',20030609184324,'mheiskan');
INSERT INTO translation_sonera VALUES ('korkeampi','362',20030609184324,'mheiskan');
INSERT INTO translation_sonera VALUES ('korkeapaine','363',20030609184324,'mheiskan');
INSERT INTO translation_sonera VALUES ('korkeapaineen alue','364',20030609184324,'mheiskan');
INSERT INTO translation_sonera VALUES ('kosteammaksi','365',20030609184324,'mheiskan');
INSERT INTO translation_sonera VALUES ('kovaa','366',20030609184324,'mheiskan');
INSERT INTO translation_sonera VALUES ('kovaksi','367',20030609184324,'mheiskan');
INSERT INTO translation_sonera VALUES ('kuivemmaksi','368',20030609184324,'mheiskan');
INSERT INTO translation_sonera VALUES ('kymenlaakso:lle','369',20030609184324,'mheiskan');
INSERT INTO translation_sonera VALUES ('laaja','370',20030609184324,'mheiskan');
INSERT INTO translation_sonera VALUES ('lansi-lappi:lle','371',20030609184324,'mheiskan');
INSERT INTO translation_sonera VALUES ('leviää','372',20030609184324,'mheiskan');
INSERT INTO translation_sonera VALUES ('liikkuu','373',20030609184324,'mheiskan');
INSERT INTO translation_sonera VALUES ('loittonee','374',20030609184324,'mheiskan');
INSERT INTO translation_sonera VALUES ('lopuksi','375',20030609184324,'mheiskan');
INSERT INTO translation_sonera VALUES ('lumi-','376',20030609184324,'mheiskan');
INSERT INTO translation_sonera VALUES ('lumikuuroja','377',20030609184324,'mheiskan');
INSERT INTO translation_sonera VALUES ('lumisadetta','378',20030609184324,'mheiskan');
INSERT INTO translation_sonera VALUES ('lähestyy','379',20030609184324,'mheiskan');
INSERT INTO translation_sonera VALUES ('lämpenee','380',20030609184324,'mheiskan');
INSERT INTO translation_sonera VALUES ('lämpimämpi','381',20030609184324,'mheiskan');
INSERT INTO translation_sonera VALUES ('lämpötila','382',20030609184324,'mheiskan');
INSERT INTO translation_sonera VALUES ('m/s','383',20030609184324,'mheiskan');
INSERT INTO translation_sonera VALUES ('mahdollisesti ukkosta','384',20030609184324,'mheiskan');
INSERT INTO translation_sonera VALUES ('matalapaine','385',20030609184324,'mheiskan');
INSERT INTO translation_sonera VALUES ('matalapaineen alue','386',20030609184324,'mheiskan');
INSERT INTO translation_sonera VALUES ('melko selkeää','387',20030609184324,'mheiskan');
INSERT INTO translation_sonera VALUES ('metriä sekunnissa','388',20030609184324,'mheiskan');
INSERT INTO translation_sonera VALUES ('miinus','389',20030609184324,'mheiskan');
INSERT INTO translation_sonera VALUES ('millimetriä','390',20030609184324,'mheiskan');
INSERT INTO translation_sonera VALUES ('monin paikoin enemmän','391',20030609184324,'mheiskan');
INSERT INTO translation_sonera VALUES ('monin paikoin','392',20030609184324,'mheiskan');
INSERT INTO translation_sonera VALUES ('muuttuu','393',20030609184324,'mheiskan');
INSERT INTO translation_sonera VALUES ('myrskyksi','394',20030609184324,'mheiskan');
INSERT INTO translation_sonera VALUES ('myrskyä','395',20030609184324,'mheiskan');
INSERT INTO translation_sonera VALUES ('navakaksi','396',20030609184324,'mheiskan');
INSERT INTO translation_sonera VALUES ('navakkaa','397',20030609184324,'mheiskan');
INSERT INTO translation_sonera VALUES ('noin','398',20030609184324,'mheiskan');
INSERT INTO translation_sonera VALUES ('nyland:lle','399',20030609184324,'mheiskan');
INSERT INTO translation_sonera VALUES ('odotettavissa','400',20030609184324,'mheiskan');
INSERT INTO translation_sonera VALUES ('on','401',20030609184324,'mheiskan');
INSERT INTO translation_sonera VALUES ('osterbotten:lle','402',20030609184324,'mheiskan');
INSERT INTO translation_sonera VALUES ('paijat-hame:lle','403',20030609184324,'mheiskan');
INSERT INTO translation_sonera VALUES ('paikoin enemmän','404',20030609184324,'mheiskan');
INSERT INTO translation_sonera VALUES ('paikoin','405',20030609184324,'mheiskan');
INSERT INTO translation_sonera VALUES ('pienempi','406',20030609184324,'mheiskan');
INSERT INTO translation_sonera VALUES ('pilvistyvää','407',20030609184324,'mheiskan');
INSERT INTO translation_sonera VALUES ('pilvistä','408',20030609184324,'mheiskan');
INSERT INTO translation_sonera VALUES ('pirkanmaa:lle','409',20030609184324,'mheiskan');
INSERT INTO translation_sonera VALUES ('pohjois-karjala:lle','410',20030609184324,'mheiskan');
INSERT INTO translation_sonera VALUES ('pohjois-lappi:lle','411',20030609184324,'mheiskan');
INSERT INTO translation_sonera VALUES ('pohjois-pohjanmaa:lle','412',20030609184324,'mheiskan');
INSERT INTO translation_sonera VALUES ('pohjois-savo:lle','413',20030609184324,'mheiskan');
INSERT INTO translation_sonera VALUES ('poutaa','414',20030609184324,'mheiskan');
INSERT INTO translation_sonera VALUES ('puolipilvistä','415',20030609184324,'mheiskan');
INSERT INTO translation_sonera VALUES ('päivien ylin lämpötila','416',20030609184324,'mheiskan');
INSERT INTO translation_sonera VALUES ('päivällä','417',20030609184324,'mheiskan');
INSERT INTO translation_sonera VALUES ('päivälämpötila','418',20030609184324,'mheiskan');
INSERT INTO translation_sonera VALUES ('päivän ylin lämpötila','419',20030609184324,'mheiskan');
INSERT INTO translation_sonera VALUES ('rannikolla','420',20030609184324,'mheiskan');
INSERT INTO translation_sonera VALUES ('runsasta sadetta','421',20030609184324,'mheiskan');
INSERT INTO translation_sonera VALUES ('räntä-','422',20030609184324,'mheiskan');
INSERT INTO translation_sonera VALUES ('räntäsadetta','423',20030609184324,'mheiskan');
INSERT INTO translation_sonera VALUES ('sadealue','424',20030609184324,'mheiskan');
INSERT INTO translation_sonera VALUES ('sadesumma','425',20030609184324,'mheiskan');
INSERT INTO translation_sonera VALUES ('sadetta','426',20030609184324,'mheiskan');
INSERT INTO translation_sonera VALUES ('sakeaa lumisadetta','427',20030609184324,'mheiskan');
INSERT INTO translation_sonera VALUES ('sakeita lumikuuroja','428',20030609184324,'mheiskan');
INSERT INTO translation_sonera VALUES ('sama','429',20030609184324,'mheiskan');
INSERT INTO translation_sonera VALUES ('satakunta:lle','430',20030609184324,'mheiskan');
INSERT INTO translation_sonera VALUES ('selkenevää','431',20030609184324,'mheiskan');
INSERT INTO translation_sonera VALUES ('selkeää','432',20030609184324,'mheiskan');
INSERT INTO translation_sonera VALUES ('seuraava yö','433',20030609184324,'mheiskan');
INSERT INTO translation_sonera VALUES ('seuraavana päivänä','434',20030609184324,'mheiskan');
INSERT INTO translation_sonera VALUES ('seuraavana yönä','435',20030609184324,'mheiskan');
INSERT INTO translation_sonera VALUES ('suunnaltaan vaihtelevaa','436',20030609184324,'mheiskan');
INSERT INTO translation_sonera VALUES ('suunnilleen sama','437',20030609184324,'mheiskan');
INSERT INTO translation_sonera VALUES ('suurempi','438',20030609184324,'mheiskan');
INSERT INTO translation_sonera VALUES ('syvenee','439',20030609184324,'mheiskan');
INSERT INTO translation_sonera VALUES ('sää on epävakaista','440',20030609184324,'mheiskan');
INSERT INTO translation_sonera VALUES ('sää','441',20030609184324,'mheiskan');
INSERT INTO translation_sonera VALUES ('sääennuste','442',20030609184324,'mheiskan');
INSERT INTO translation_sonera VALUES ('tai','443',20030609184324,'mheiskan');
INSERT INTO translation_sonera VALUES ('tuuli heikkenee','444',20030609184324,'mheiskan');
INSERT INTO translation_sonera VALUES ('tuuli tyyntyy','445',20030609184324,'mheiskan');
INSERT INTO translation_sonera VALUES ('tuuli voimistuu','446',20030609184324,'mheiskan');
INSERT INTO translation_sonera VALUES ('tuuli','447',20030609184324,'mheiskan');
INSERT INTO translation_sonera VALUES ('tuulta','448',20030609184324,'mheiskan');
INSERT INTO translation_sonera VALUES ('tyyneksi','449',20030609184324,'mheiskan');
INSERT INTO translation_sonera VALUES ('tyyntä','450',20030609184324,'mheiskan');
INSERT INTO translation_sonera VALUES ('tänään','451',20030609184324,'mheiskan');
INSERT INTO translation_sonera VALUES ('uusimaa:lle','452',20030609184324,'mheiskan');
INSERT INTO translation_sonera VALUES ('vahvistuu','453',20030609184324,'mheiskan');
INSERT INTO translation_sonera VALUES ('vaihtelevaa pilvisyyttä','454',20030609184324,'mheiskan');
INSERT INTO translation_sonera VALUES ('varsinais-suomi:lle','455',20030609184324,'mheiskan');
INSERT INTO translation_sonera VALUES ('vesi-','456',20030609184324,'mheiskan');
INSERT INTO translation_sonera VALUES ('vesisadetta','457',20030609184324,'mheiskan');
INSERT INTO translation_sonera VALUES ('viilenee','458',20030609184324,'mheiskan');
INSERT INTO translation_sonera VALUES ('viiva','459',20030609184324,'mheiskan');
INSERT INTO translation_sonera VALUES ('voimakkaita kuuroja','460',20030609184324,'mheiskan');
INSERT INTO translation_sonera VALUES ('voimistuvaa','461',20030609184324,'mheiskan');
INSERT INTO translation_sonera VALUES ('vähäisiä kuuroja','462',20030609184324,'mheiskan');
INSERT INTO translation_sonera VALUES ('vähäistä lumisadetta','463',20030609184324,'mheiskan');
INSERT INTO translation_sonera VALUES ('yli','464',20030609184324,'mheiskan');
INSERT INTO translation_sonera VALUES ('ylihuomenna','465',20030609184324,'mheiskan');
INSERT INTO translation_sonera VALUES ('yöllä','466',20030609184324,'mheiskan');
INSERT INTO translation_sonera VALUES ('yölämpötila','467',20030609184324,'mheiskan');
INSERT INTO translation_sonera VALUES ('yön alin lämpötila','468',20030609184324,'mheiskan');
INSERT INTO translation_sonera VALUES ('yöstä alkaen','469',20030609184324,'mheiskan');
INSERT INTO translation_sonera VALUES ('öiden alin lämpötila','470',20030609184324,'mheiskan');
INSERT INTO translation_sonera VALUES ('prosenttia','471',20030610081011,'mheiskan');

--
-- Table structure for table 'translation_sv'
--

CREATE TABLE translation_sv (
  keyword varchar(32) NOT NULL default '',
  translation varchar(255) NOT NULL default '',
  modtime timestamp(14) NOT NULL,
  user varchar(32) default '',
  PRIMARY KEY  (keyword)
) TYPE=MyISAM;

--
-- Dumping data for table 'translation_sv'
--

INSERT INTO translation_sv VALUES ('lämpötila','temperatur',20030609123418,'mheiskan');
INSERT INTO translation_sv VALUES ('huomattavasti lämpimämpi','betydligt varmare',20030525185952,'mheiskan');
INSERT INTO translation_sv VALUES ('lämpimämpi','varmare',20030525185939,'mheiskan');
INSERT INTO translation_sv VALUES ('seuraava yö','följande natt',20030525190121,'mheiskan');
INSERT INTO translation_sv VALUES ('seuraavana yönä','följande natt',20030525185634,'mheiskan');
INSERT INTO translation_sv VALUES ('on','är',20030525185521,'mheiskan');
INSERT INTO translation_sv VALUES ('ankaran hallan todennäköisyys','sannolikheten för stark nattfrost',20030525185422,'mheiskan');
INSERT INTO translation_sv VALUES ('hallan todennäköisyys','sannolikheten för nattfrost',20030525185132,'mheiskan');
INSERT INTO translation_sv VALUES ('7-vastaisena yönä','natten mot söndag',20030525183532,'mheiskan');
INSERT INTO translation_sv VALUES ('6-vastaisena yönä','natten mot lördag',20030525183521,'mheiskan');
INSERT INTO translation_sv VALUES ('5-vastaisena yönä','natten mot fredag',20030525183509,'mheiskan');
INSERT INTO translation_sv VALUES ('4-vastaisena yönä','natten mot torsdag',20030525183501,'mheiskan');
INSERT INTO translation_sv VALUES ('3-vastaisena yönä','natten mot onsdag',20030525183452,'mheiskan');
INSERT INTO translation_sv VALUES ('2-vastaisena yönä','natten mot tisdag',20030525183442,'mheiskan');
INSERT INTO translation_sv VALUES ('1-vastaisena yönä','natten mot måndag',20030525183426,'mheiskan');
INSERT INTO translation_sv VALUES ('sama','densamma',20030525142110,'mheiskan');
INSERT INTO translation_sv VALUES ('hieman pienempi','något mindre',20030525142104,'mheiskan');
INSERT INTO translation_sv VALUES ('hieman suurempi','något större',20030525142054,'mheiskan');
INSERT INTO translation_sv VALUES ('pienempi','mindre',20030525142042,'mheiskan');
INSERT INTO translation_sv VALUES ('suurempi','större',20030525142034,'mheiskan');
INSERT INTO translation_sv VALUES ('alin suhteellinen kosteus','den lägsta relativa fuktigheten',20030525185320,'mheiskan');
INSERT INTO translation_sv VALUES ('7-na','på söndag',20030525141750,'mheiskan');
INSERT INTO translation_sv VALUES ('6-na','på lördag',20030525141743,'mheiskan');
INSERT INTO translation_sv VALUES ('5-na','på fredag',20030525141734,'mheiskan');
INSERT INTO translation_sv VALUES ('4-na','på torsdag',20030525141726,'mheiskan');
INSERT INTO translation_sv VALUES ('3-na','på onsdag',20030525141717,'mheiskan');
INSERT INTO translation_sv VALUES ('2-na','på tisdag',20030525141712,'mheiskan');
INSERT INTO translation_sv VALUES ('1-na','på måndag',20030525141702,'mheiskan');
INSERT INTO translation_sv VALUES ('7-illasta','från söndag kväll',20030512123219,'mheiskan');
INSERT INTO translation_sv VALUES ('1-illasta','från måndag kväll',20030512090759,'mheiskan');
INSERT INTO translation_sv VALUES ('2-illasta','från tisdag kväll',20030512090809,'mheiskan');
INSERT INTO translation_sv VALUES ('3-illasta','från onsdag kväll',20030512090835,'mheiskan');
INSERT INTO translation_sv VALUES ('4-illasta','från torsdag kväll',20030512090844,'mheiskan');
INSERT INTO translation_sv VALUES ('5-illasta','från fredag kväll',20030512090852,'mheiskan');
INSERT INTO translation_sv VALUES ('6-illasta','från lördag kväll',20030512090902,'mheiskan');
INSERT INTO translation_sv VALUES ('7-aamuun','till söndag morgon',20030512123215,'mheiskan');
INSERT INTO translation_sv VALUES ('1-aamuun','till måndag morgon',20030512091254,'mheiskan');
INSERT INTO translation_sv VALUES ('2-aamuun','till tisdag morgon',20030512091302,'mheiskan');
INSERT INTO translation_sv VALUES ('3-aamuun','till onsdag morgon',20030512091310,'mheiskan');
INSERT INTO translation_sv VALUES ('4-aamuun','till torsdag morgon',20030512091318,'mheiskan');
INSERT INTO translation_sv VALUES ('5-aamuun','till fredag morgon',20030512091327,'mheiskan');
INSERT INTO translation_sv VALUES ('monin paikoin enemmän','på många håll mera',20030523084556,'mheiskan');
INSERT INTO translation_sv VALUES ('paikoin enemmän','lokalt mera',20030523084541,'mheiskan');
INSERT INTO translation_sv VALUES ('monin paikoin','på många håll',20030523084527,'mheiskan');
INSERT INTO translation_sv VALUES ('paikoin','lokalt',20030523084518,'mheiskan');
INSERT INTO translation_sv VALUES ('odotettavissa','utsikter',20030513092904,'mheiskan');
INSERT INTO translation_sv VALUES ('keskilämpötila','medeltemperaturen',20030516130805,'mheiskan');
INSERT INTO translation_sv VALUES ('keskimääräinen ylin lämpötila','den högsta temperaturen i medeltal',20030516130822,'mheiskan');
INSERT INTO translation_sv VALUES ('keskimääräinen alin lämpötila','den lägsta temperaturen i medeltal',20030516130842,'mheiskan');
INSERT INTO translation_sv VALUES ('sadesumma','nederbördsumman',20030516130852,'mheiskan');
INSERT INTO translation_sv VALUES ('astetta','grader',20030516130900,'mheiskan');
INSERT INTO translation_sv VALUES ('millimetriä','millimeter',20030516134954,'mheiskan');
INSERT INTO translation_sv VALUES ('1-aamusta','från måndag morgon',20030519080542,'mheiskan');
INSERT INTO translation_sv VALUES ('2-aamusta','från tisdag morgon',20030519080550,'mheiskan');
INSERT INTO translation_sv VALUES ('3-aamusta','från onsdag morgon',20030519080558,'mheiskan');
INSERT INTO translation_sv VALUES ('4-aamusta','från torsdag morgon',20030519080607,'mheiskan');
INSERT INTO translation_sv VALUES ('5-aamusta','från fredag morgon',20030519080615,'mheiskan');
INSERT INTO translation_sv VALUES ('6-aamusta','från lördag morgon',20030519080622,'mheiskan');
INSERT INTO translation_sv VALUES ('7-aamusta','från söndag morgon',20030519080633,'mheiskan');
INSERT INTO translation_sv VALUES ('alkavan','',20030522133418,'mheiskan');
INSERT INTO translation_sv VALUES ('huomattavasti suurempi','betydligt större',20030609120615,'mheiskan');
INSERT INTO translation_sv VALUES ('2-vuorokauden sää','för de följande två dygnen',20030520101007,'mheiskan');
INSERT INTO translation_sv VALUES ('3-vuorokauden sää','för de följande tre dygnen',20030520101018,'mheiskan');
INSERT INTO translation_sv VALUES ('4-vuorokauden sää','för de följande fyra dygnen',20030520101031,'mheiskan');
INSERT INTO translation_sv VALUES ('5-vuorokauden sää','för de följande fem dygnen',20030520101041,'mheiskan');
INSERT INTO translation_sv VALUES ('6-vuorokauden sää','för de följande sex dygnen',20030520101051,'mheiskan');
INSERT INTO translation_sv VALUES ('7-vuorokauden sää','för de följande sju dygnen',20030520101101,'mheiskan');
INSERT INTO translation_sv VALUES ('8-vuorokauden sää','för de följande åtta dygnen',20030520101113,'mheiskan');
INSERT INTO translation_sv VALUES ('9-vuorokauden sää','för de följande nio dygnen',20030520101124,'mheiskan');
INSERT INTO translation_sv VALUES ('10-vuorokauden sää','för de följande tio dygnen',20030520101134,'mheiskan');
INSERT INTO translation_sv VALUES ('yli','över',20030522091054,'mheiskan');
INSERT INTO translation_sv VALUES ('1-iltaan','till måndag kväll',20030522122154,'mheiskan');
INSERT INTO translation_sv VALUES ('2-iltaan','till tisdag kväll',20030522122202,'mheiskan');
INSERT INTO translation_sv VALUES ('3-iltaan','till onsdag kväll',20030522122210,'mheiskan');
INSERT INTO translation_sv VALUES ('4-iltaan','till torsdag kväll',20030522122238,'mheiskan');
INSERT INTO translation_sv VALUES ('5-iltaan','till fredag kväll',20030522122244,'mheiskan');
INSERT INTO translation_sv VALUES ('6-iltaan','till lördag kväll',20030522122254,'mheiskan');
INSERT INTO translation_sv VALUES ('7-iltaan','till söndag kväll',20030522122304,'mheiskan');
INSERT INTO translation_sv VALUES ('6-aamuun','till lördag morgon',20030522122612,'mheiskan');
INSERT INTO translation_sv VALUES ('asti','',20030522124918,'mheiskan');
INSERT INTO translation_sv VALUES ('huomattavasti korkeampi','betydligt högre',20030605131531,'mheiskan');
INSERT INTO translation_sv VALUES ('korkeampi','högre',20030605131521,'mheiskan');
INSERT INTO translation_sv VALUES ('hieman korkeampi','något högre',20030605131550,'mheiskan');
INSERT INTO translation_sv VALUES ('suunnilleen sama','ungefär densamma',20030526140631,'mheiskan');
INSERT INTO translation_sv VALUES ('hieman alempi','något lägre',20030605131557,'mheiskan');
INSERT INTO translation_sv VALUES ('alempi','lägre',20030605131608,'mheiskan');
INSERT INTO translation_sv VALUES ('huomattavasti alempi','betydligt lägre',20030605131542,'mheiskan');
INSERT INTO translation_sv VALUES ('päivän ylin lämpötila','dagens högsta temperatur',20030526140717,'mheiskan');
INSERT INTO translation_sv VALUES ('yön alin lämpötila','nattens lägsta temperatur',20030526140732,'mheiskan');
INSERT INTO translation_sv VALUES ('noin','cirka',20030526140819,'mheiskan');
INSERT INTO translation_sv VALUES ('seuraavana päivänä','på följande dag',20030526140850,'mheiskan');
INSERT INTO translation_sv VALUES ('päivien ylin lämpötila','dagstemperaturerna',20030527112302,'mheiskan');
INSERT INTO translation_sv VALUES ('öiden alin lämpötila','natttemperaturerna',20030527112313,'mheiskan');
INSERT INTO translation_sv VALUES ('aluksi','i början',20030527112321,'mheiskan');
INSERT INTO translation_sv VALUES ('lopuksi','i slutet',20030527112326,'mheiskan');
INSERT INTO translation_sv VALUES ('päivälämpötila','dagstemperaturen',20030527112401,'mheiskan');
INSERT INTO translation_sv VALUES ('yölämpötila','natttemperaturen',20030527112410,'mheiskan');
INSERT INTO translation_sv VALUES ('8-suunnasta','från sydväst',20030609135640,'mheiskan');
INSERT INTO translation_sv VALUES ('7-suunnasta','västerifrån',20030609135632,'mheiskan');
INSERT INTO translation_sv VALUES ('6-suunnasta','från sydväst',20030609135625,'mheiskan');
INSERT INTO translation_sv VALUES ('5-suunnasta','söderifrån',20030609135606,'mheiskan');
INSERT INTO translation_sv VALUES ('4-suunnasta','från sydost',20030609135557,'mheiskan');
INSERT INTO translation_sv VALUES ('3-suunnasta','österifrån',20030609135548,'mheiskan');
INSERT INTO translation_sv VALUES ('2-suunnasta','från nordost',20030609135538,'mheiskan');
INSERT INTO translation_sv VALUES ('1-suunnasta','norrifrån',20030609135533,'mheiskan');
INSERT INTO translation_sv VALUES ('8-suuntaan','mot nordväst',20030609135515,'mheiskan');
INSERT INTO translation_sv VALUES ('7-suuntaan','västerut',20030609135507,'mheiskan');
INSERT INTO translation_sv VALUES ('6-suuntaan','mot sydväst',20030609135501,'mheiskan');
INSERT INTO translation_sv VALUES ('5-suuntaan','söderut',20030609135453,'mheiskan');
INSERT INTO translation_sv VALUES ('4-suuntaan','mot sydost',20030609135445,'mheiskan');
INSERT INTO translation_sv VALUES ('3-suuntaan','österut',20030609135438,'mheiskan');
INSERT INTO translation_sv VALUES ('2-suuntaan','mot nordost',20030609135431,'mheiskan');
INSERT INTO translation_sv VALUES ('1-suuntaan','norrut',20030609135424,'mheiskan');
INSERT INTO translation_sv VALUES ('alueen yli','över området',20030609135415,'mheiskan');
INSERT INTO translation_sv VALUES ('liikkuu','rör sig',20030609135405,'mheiskan');
INSERT INTO translation_sv VALUES ('kosteammaksi','fuktigare',20030609135358,'mheiskan');
INSERT INTO translation_sv VALUES ('kuivemmaksi','torrare',20030609135350,'mheiskan');
INSERT INTO translation_sv VALUES ('muuttuu','förändras',20030609135343,'mheiskan');
INSERT INTO translation_sv VALUES ('viilenee','blir svalare',20030609135332,'mheiskan');
INSERT INTO translation_sv VALUES ('lämpenee','blir varmare',20030609135320,'mheiskan');
INSERT INTO translation_sv VALUES ('sadealue','ett nederbördsområde',20030609143456,'mheiskan');
INSERT INTO translation_sv VALUES ('leviää','breder ut sig',20030609135255,'mheiskan');
INSERT INTO translation_sv VALUES ('loittonee','avlägsnar sig',20030609135244,'mheiskan');
INSERT INTO translation_sv VALUES ('lähestyy','närmar sig',20030609135231,'mheiskan');
INSERT INTO translation_sv VALUES ('laaja','vidsträckt',20030609135223,'mheiskan');
INSERT INTO translation_sv VALUES ('korkeapaineen alue','ett högtrycksområde',20030609143436,'mheiskan');
INSERT INTO translation_sv VALUES ('matalapaineen alue','ett lågtrycksområde',20030609143449,'mheiskan');
INSERT INTO translation_sv VALUES ('syvenee','fördjupas',20030609135132,'mheiskan');
INSERT INTO translation_sv VALUES ('vahvistuu','förstärks',20030609135141,'mheiskan');
INSERT INTO translation_sv VALUES ('korkeapaine','högtrycket',20030609143428,'mheiskan');
INSERT INTO translation_sv VALUES ('matalapaine','lågtrycket',20030609143419,'mheiskan');
INSERT INTO translation_sv VALUES ('m/s','m/s',20030527151922,'mheiskan');
INSERT INTO translation_sv VALUES ('tyyntä','vindstilla',20030530120626,'mheiskan');
INSERT INTO translation_sv VALUES ('heikkoa','svag',20030530074033,'mheiskan');
INSERT INTO translation_sv VALUES ('kohtalaista','måttlig',20030530074101,'mheiskan');
INSERT INTO translation_sv VALUES ('navakkaa','frisk',20030530074108,'mheiskan');
INSERT INTO translation_sv VALUES ('kovaa','hård',20030530074114,'mheiskan');
INSERT INTO translation_sv VALUES ('myrskyä','stormig',20030530074121,'mheiskan');
INSERT INTO translation_sv VALUES ('tuulta','vind',20030530074131,'mheiskan');
INSERT INTO translation_sv VALUES ('suunnaltaan vaihtelevaa','varierande',20030530074823,'mheiskan');
INSERT INTO translation_sv VALUES ('1-tuulta','nordlig vind',20030530074832,'mheiskan');
INSERT INTO translation_sv VALUES ('2-tuulta','nordostlig vind',20030530074847,'mheiskan');
INSERT INTO translation_sv VALUES ('3-tuulta','ostlig vind',20030530074857,'mheiskan');
INSERT INTO translation_sv VALUES ('4-tuulta','sydostlig vind',20030530074908,'mheiskan');
INSERT INTO translation_sv VALUES ('5-tuulta','sydlig vind',20030530074914,'mheiskan');
INSERT INTO translation_sv VALUES ('6-tuulta','sydvästlig vind',20030530074924,'mheiskan');
INSERT INTO translation_sv VALUES ('7-tuulta','västlig vind',20030530074930,'mheiskan');
INSERT INTO translation_sv VALUES ('8-tuulta','nordvästlig vind',20030530074939,'mheiskan');
INSERT INTO translation_sv VALUES ('yöllä','på natten',20030530075102,'mheiskan');
INSERT INTO translation_sv VALUES ('heikkenevää','avtagande',20030530075658,'mheiskan');
INSERT INTO translation_sv VALUES ('voimistuvaa','tilltagande',20030530075706,'mheiskan');
INSERT INTO translation_sv VALUES ('tuuli','vind',20030530075717,'mheiskan');
INSERT INTO translation_sv VALUES ('1-puoleista tuulta','vind omkring nord',20030530080030,'mheiskan');
INSERT INTO translation_sv VALUES ('2-puoleista tuulta','vind omkring nordost',20030530080041,'mheiskan');
INSERT INTO translation_sv VALUES ('3-puoleista tuulta','vind omkring ost',20030530080050,'mheiskan');
INSERT INTO translation_sv VALUES ('4-puoleista tuulta','vind omkring sydost',20030530080059,'mheiskan');
INSERT INTO translation_sv VALUES ('5-puoleista tuulta','vind omkring syd',20030530080108,'mheiskan');
INSERT INTO translation_sv VALUES ('6-puoleista tuulta','vind omkring sydväst',20030530080118,'mheiskan');
INSERT INTO translation_sv VALUES ('7-puoleista tuulta','vind omkring väst',20030530080128,'mheiskan');
INSERT INTO translation_sv VALUES ('8-puoleista tuulta','vind omkring nordväst',20030530080138,'mheiskan');
INSERT INTO translation_sv VALUES ('ajoittain lumisadetta','tidvis snöfall',20030530082257,'mheiskan');
INSERT INTO translation_sv VALUES ('ajoittain sadetta','tidvis regn',20030530082311,'mheiskan');
INSERT INTO translation_sv VALUES ('ajoittain sateista','tidvis regnig',20030530082322,'mheiskan');
INSERT INTO translation_sv VALUES ('ajoittain ukkosta','tidvis åska',20030530082330,'mheiskan');
INSERT INTO translation_sv VALUES ('heikkoa sadetta','lätt regn',20030530082339,'mheiskan');
INSERT INTO translation_sv VALUES ('lumikuuroja','snöbyar',20030530082351,'mheiskan');
INSERT INTO translation_sv VALUES ('lumisadetta','snöfall',20030530082359,'mheiskan');
INSERT INTO translation_sv VALUES ('mahdollisesti ukkosta','möjligen åska',20030530082409,'mheiskan');
INSERT INTO translation_sv VALUES ('melko selkeää','tämligen klart',20030530082419,'mheiskan');
INSERT INTO translation_sv VALUES ('miinus','minus',20030530082426,'mheiskan');
INSERT INTO translation_sv VALUES ('pilvistyvää','ökad molnighet',20030530082437,'mheiskan');
INSERT INTO translation_sv VALUES ('pilvistä','mulet',20030530082452,'mheiskan');
INSERT INTO translation_sv VALUES ('puolipilvistä','halvmulet',20030611105726,'mheiskan');
INSERT INTO translation_sv VALUES ('päivällä','på dagen',20030530082518,'mheiskan');
INSERT INTO translation_sv VALUES ('runsasta sadetta','krafitgt regn',20030530082533,'mheiskan');
INSERT INTO translation_sv VALUES ('sadetta','regn',20030530082540,'mheiskan');
INSERT INTO translation_sv VALUES ('sakeaa lumisadetta','snöyra',20030530082549,'mheiskan');
INSERT INTO translation_sv VALUES ('selkenevää','uppklarn',20030530082558,'mheiskan');
INSERT INTO translation_sv VALUES ('selkeää','klart',20030530082605,'mheiskan');
INSERT INTO translation_sv VALUES ('tai','eller',20030530082610,'mheiskan');
INSERT INTO translation_sv VALUES ('tuuli heikkenee','vinden avtar till',20030530100032,'mheiskan');
INSERT INTO translation_sv VALUES ('tuuli voimistuu','vinden tilltar',20030530082630,'mheiskan');
INSERT INTO translation_sv VALUES ('vaihtelevaa pilvisyyttä','växlande molnighet',20030530082653,'mheiskan');
INSERT INTO translation_sv VALUES ('vesisadetta','regn',20030530082705,'mheiskan');
INSERT INTO translation_sv VALUES ('voimakkaita kuuroja','kraftiga skuror',20030530082717,'mheiskan');
INSERT INTO translation_sv VALUES ('vähäisiä kuuroja','enstaka skuror',20030530082727,'mheiskan');
INSERT INTO translation_sv VALUES ('vähäistä lumisadetta','lätt snöfall',20030530082738,'mheiskan');
INSERT INTO translation_sv VALUES ('poutaa','uppehåll',20030530083254,'mheiskan');
INSERT INTO translation_sv VALUES ('sakeita lumikuuroja','täta snöbyar',20030530083311,'mheiskan');
INSERT INTO translation_sv VALUES ('1-tuuleksi','nordlig vind',20030530100019,'mheiskan');
INSERT INTO translation_sv VALUES ('2-tuuleksi','nordostlig vind',20030530100015,'mheiskan');
INSERT INTO translation_sv VALUES ('3-tuuleksi','ostlig vind',20030530100013,'mheiskan');
INSERT INTO translation_sv VALUES ('4-tuuleksi','sydostlig vind',20030530100010,'mheiskan');
INSERT INTO translation_sv VALUES ('5-tuuleksi','sydlig vind',20030530100007,'mheiskan');
INSERT INTO translation_sv VALUES ('6-tuuleksi','sydvästlig vind',20030530100003,'mheiskan');
INSERT INTO translation_sv VALUES ('7-tuuleksi','västlig vind',20030530100000,'mheiskan');
INSERT INTO translation_sv VALUES ('8-tuuleksi','nordvästlig vind',20030530095958,'mheiskan');
INSERT INTO translation_sv VALUES ('heikoksi','svag',20030530100104,'mheiskan');
INSERT INTO translation_sv VALUES ('kohtalaiseksi','måttlig',20030530100111,'mheiskan');
INSERT INTO translation_sv VALUES ('navakaksi','frisk',20030530100120,'mheiskan');
INSERT INTO translation_sv VALUES ('kovaksi','hård',20030530100145,'mheiskan');
INSERT INTO translation_sv VALUES ('myrskyksi','tilltar storm',20030530120346,'mheiskan');
INSERT INTO translation_sv VALUES ('1-puoleiseksi tuuleksi','vind omkring nord',20030530100604,'mheiskan');
INSERT INTO translation_sv VALUES ('2-puoleiseksi tuuleksi','vind omkring nordost',20030530100613,'mheiskan');
INSERT INTO translation_sv VALUES ('3-puoleiseksi tuuleksi','vind omkring ost',20030530100624,'mheiskan');
INSERT INTO translation_sv VALUES ('4-puoleiseksi tuuleksi','vind omkring sydost',20030530100634,'mheiskan');
INSERT INTO translation_sv VALUES ('5-puoleiseksi tuuleksi','vind omkring syd',20030530100643,'mheiskan');
INSERT INTO translation_sv VALUES ('6-puoleiseksi tuuleksi','vind omkring sydväst',20030530100652,'mheiskan');
INSERT INTO translation_sv VALUES ('7-puoleiseksi tuuleksi','vind omkring väst',20030530100701,'mheiskan');
INSERT INTO translation_sv VALUES ('8-puoleiseksi tuuleksi','vind omkring nordväst',20030530100710,'mheiskan');
INSERT INTO translation_sv VALUES ('tuuli tyyntyy','vinden blir lugnt',20030530101047,'mheiskan');
INSERT INTO translation_sv VALUES ('tyyneksi','lugnt',20030530101208,'mheiskan');
INSERT INTO translation_sv VALUES ('viiva','till',20030530101345,'mheiskan');
INSERT INTO translation_sv VALUES ('lumi-','snö',20030530102944,'mheiskan');
INSERT INTO translation_sv VALUES ('räntä-','slask',20030530102949,'mheiskan');
INSERT INTO translation_sv VALUES ('vesi-','regn',20030530103108,'mheiskan');
INSERT INTO translation_sv VALUES ('sää on epävakaista','ostadigt väder',20030530120554,'mheiskan');
INSERT INTO translation_sv VALUES ('enimmäkseen','mestadels',20030530120204,'mheiskan');
INSERT INTO translation_sv VALUES ('hirmumyrskyä','orkan',20030530120244,'mheiskan');
INSERT INTO translation_sv VALUES ('hirmumyrskyksi','tilltar orkan',20030530120253,'mheiskan');
INSERT INTO translation_sv VALUES ('räntäsadetta','snö blandat regn',20030530120447,'mheiskan');
INSERT INTO translation_sv VALUES ('edelleen','tillsvidare',20030530120805,'mheiskan');
INSERT INTO translation_sv VALUES ('sääennuste','väderraport',20030604064107,'mheiskan');
INSERT INTO translation_sv VALUES ('kello','klockan',20030604064113,'mheiskan');
INSERT INTO translation_sv VALUES ('o\'clock','',20030604064118,'mheiskan');
INSERT INTO translation_sv VALUES ('aland:lle','för Åland',20030604065403,'mheiskan');
INSERT INTO translation_sv VALUES ('etela-karjala:lle','för Södra Karelen',20030604070312,'mheiskan');
INSERT INTO translation_sv VALUES ('etela-pohjanmaa:lle','för Södra Österbotten',20030604070315,'mheiskan');
INSERT INTO translation_sv VALUES ('etela-savo:lle','för Södra Savolax',20030604070318,'mheiskan');
INSERT INTO translation_sv VALUES ('hame:lle','för Tavastland',20030604065925,'mheiskan');
INSERT INTO translation_sv VALUES ('kainuu:lle','för Kajanaland',20030604070357,'mheiskan');
INSERT INTO translation_sv VALUES ('keski-pohjanmaa:lle','för Mellersta Österbotten',20030604070321,'mheiskan');
INSERT INTO translation_sv VALUES ('keski-suomi:lle','för Mellersta Finland',20030604070323,'mheiskan');
INSERT INTO translation_sv VALUES ('koillismaa:lle','för Koillismaa',20030604065533,'mheiskan');
INSERT INTO translation_sv VALUES ('kymenlaakso:lle','för Kymmenedalen',20030604070305,'mheiskan');
INSERT INTO translation_sv VALUES ('lansi-lappi:lle','för Västra Lappland',20030604070905,'mheiskan');
INSERT INTO translation_sv VALUES ('nyland:lle','för Nyland',20030604065559,'mheiskan');
INSERT INTO translation_sv VALUES ('sää','vädret',20030609120400,'mheiskan');
INSERT INTO translation_sv VALUES ('paijat-hame:lle','för Päijänne-Tavastland',20030604070831,'mheiskan');
INSERT INTO translation_sv VALUES ('pirkanmaa:lle','för Birkaland',20030604070438,'mheiskan');
INSERT INTO translation_sv VALUES ('pohjois-karjala:lle','för Norra Karelen',20030604070412,'mheiskan');
INSERT INTO translation_sv VALUES ('pohjois-lappi:lle','för Norra Lappland',20030604070911,'mheiskan');
INSERT INTO translation_sv VALUES ('pohjois-pohjanmaa:lle','för Norra Österbotten',20030604070419,'mheiskan');
INSERT INTO translation_sv VALUES ('pohjois-savo:lle','för Norra Savolax',20030604070425,'mheiskan');
INSERT INTO translation_sv VALUES ('satakunta:lle','för Satakunta',20030604065721,'mheiskan');
INSERT INTO translation_sv VALUES ('uusimaa:lle','för Nyland',20030604065728,'mheiskan');
INSERT INTO translation_sv VALUES ('varsinais-suomi:lle','för Egentliga Finland',20030604070340,'mheiskan');
INSERT INTO translation_sv VALUES ('osterbotten:lle','för Österbotten',20030604071816,'mheiskan');
INSERT INTO translation_sv VALUES ('huomattavasti pienempi','betydligt mindre',20030604080048,'mheiskan');
INSERT INTO translation_sv VALUES ('rannikolla','vid kusten',20030605180441,'mheiskan');
INSERT INTO translation_sv VALUES ('metriä sekunnissa','meter i sekund',20030608231039,'mheiskan');
INSERT INTO translation_sv VALUES ('1-alkaen','från måndag',20030608231512,'mheiskan');
INSERT INTO translation_sv VALUES ('2-alkaen','från tisdag',20030608231521,'mheiskan');
INSERT INTO translation_sv VALUES ('3-alkaen','från onsdag',20030608231531,'mheiskan');
INSERT INTO translation_sv VALUES ('4-alkaen','från torsdag',20030608231540,'mheiskan');
INSERT INTO translation_sv VALUES ('5-alkaen','från fredag',20030608231549,'mheiskan');
INSERT INTO translation_sv VALUES ('6-alkaen','från lördag',20030608231559,'mheiskan');
INSERT INTO translation_sv VALUES ('7-alkaen','från söndag',20030608231608,'mheiskan');
INSERT INTO translation_sv VALUES ('tänään','i dag',20030609095257,'mheiskan');
INSERT INTO translation_sv VALUES ('huomenna','i morgon',20030609095302,'mheiskan');
INSERT INTO translation_sv VALUES ('ylihuomenna','i övermorgon',20030609095310,'mheiskan');
INSERT INTO translation_sv VALUES ('ensi yönä','i natt',20030609095316,'mheiskan');
INSERT INTO translation_sv VALUES ('huomisaamuna','i morgon bitti',20030609095324,'mheiskan');
INSERT INTO translation_sv VALUES ('aamulla','på morgonen',20030609095353,'mheiskan');
INSERT INTO translation_sv VALUES ('illalla','på kvällen',20030609095401,'mheiskan');
INSERT INTO translation_sv VALUES ('aamupäivällä','på förmiddagen',20030609095412,'mheiskan');
INSERT INTO translation_sv VALUES ('iltapäivällä','på eftermiddagen',20030609095424,'mheiskan');
INSERT INTO translation_sv VALUES ('aamuyöllä','på efternatten',20030609095435,'mheiskan');
INSERT INTO translation_sv VALUES ('keskipäivällä','på middagen',20030609095448,'mheiskan');
INSERT INTO translation_sv VALUES ('iltayöllä','på förnatten',20030609095455,'mheiskan');
INSERT INTO translation_sv VALUES ('keskiyöllä','på midnatten',20030609095504,'mheiskan');
INSERT INTO translation_sv VALUES ('yöstä alkaen','från natten',20030609095512,'mheiskan');
INSERT INTO translation_sv VALUES ('aamuyöstä alkaen','från efternatten',20030609095526,'mheiskan');
INSERT INTO translation_sv VALUES ('aamusta alkaen','från morgonen',20030609095546,'mheiskan');
INSERT INTO translation_sv VALUES ('aamupäivästä alkaen','från förmiddagen',20030609095559,'mheiskan');
INSERT INTO translation_sv VALUES ('keskipäivästä alkaen','från middagen',20030609095615,'mheiskan');
INSERT INTO translation_sv VALUES ('iltapäivästä alkaen','från eftermiddagen',20030609095626,'mheiskan');
INSERT INTO translation_sv VALUES ('illasta alkaen','från kvällen',20030609095635,'mheiskan');
INSERT INTO translation_sv VALUES ('iltayöstä alkaen','från förnatten',20030609095644,'mheiskan');
INSERT INTO translation_sv VALUES ('keskiyöstä alkaen','från midnatten',20030609095654,'mheiskan');
INSERT INTO translation_sv VALUES ('prosenttia','procent',20030610080942,'mheiskan');

