-- MySQL dump 9.07
--
-- Host: mimir    Database: textgen
---------------------------------------------------------
-- Server version	3.23.56-log

--
-- Table structure for table 'languages'
--

CREATE TABLE languages (
  isocode varchar(10) NOT NULL default '',
  translationtable varchar(20) NOT NULL default '',
  active tinyint(1) NOT NULL default '0',
  name varchar(20) NOT NULL default '',
  PRIMARY KEY  (isocode)
) TYPE=MyISAM COMMENT='The languages defined for the textgen library';

--
-- Dumping data for table 'languages'
--

INSERT INTO languages VALUES ('fi','translation_fi',1,'Finnish');
INSERT INTO languages VALUES ('en','translation_en',1,'English');
INSERT INTO languages VALUES ('sv','translation_sv',1,'Swedish');
INSERT INTO languages VALUES ('de','translation_de',0,'German');
INSERT INTO languages VALUES ('fr','translation_fr',0,'French');
INSERT INTO languages VALUES ('it','translation_it',0,'Italian');
INSERT INTO languages VALUES ('ru','translation_ru',0,'Russian');
INSERT INTO languages VALUES ('es','translation_es',0,'Spanish');

--
-- Table structure for table 'translation_en'
--

CREATE TABLE translation_en (
  keyword varchar(32) NOT NULL default '',
  translation varchar(255) NOT NULL default '',
  modtime timestamp(14) NOT NULL,
  user varchar(32) default '',
  PRIMARY KEY  (keyword)
) TYPE=MyISAM;

--
-- Dumping data for table 'translation_en'
--

INSERT INTO translation_en VALUES ('kaakko','south east',20030121123504,'mheiskan');
INSERT INTO translation_en VALUES ('etelä','south',20030121123510,'mheiskan');
INSERT INTO translation_en VALUES ('lounas','south west',20030121123522,'mheiskan');
INSERT INTO translation_en VALUES ('länsi','west',20030121123527,'mheiskan');
INSERT INTO translation_en VALUES ('luode','north east',20030121123534,'mheiskan');
INSERT INTO translation_en VALUES ('ma','mon',20030413194958,'mheiskan');
INSERT INTO translation_en VALUES ('ti','tue',20030413195005,'mheiskan');
INSERT INTO translation_en VALUES ('ke','wed',20030413195018,'mheiskan');
INSERT INTO translation_en VALUES ('to','thu',20030413195029,'mheiskan');
INSERT INTO translation_en VALUES ('pe','fri',20030413195038,'mheiskan');
INSERT INTO translation_en VALUES ('la','sat',20030413195044,'mheiskan');
INSERT INTO translation_en VALUES ('su','sun',20030413195049,'mheiskan');
INSERT INTO translation_en VALUES ('lämpötila','temperature',20030425094042,'mheiskan');
INSERT INTO translation_en VALUES ('huomattavasti lämpimämpi','significantly warmer',20030525190018,'mheiskan');
INSERT INTO translation_en VALUES ('lämpimämpi','warmer',20030525190008,'mheiskan');
INSERT INTO translation_en VALUES ('seuraava yö','the following night',20030525185818,'mheiskan');
INSERT INTO translation_en VALUES ('seuraavana yönä','the following night',20030525185658,'mheiskan');
INSERT INTO translation_en VALUES ('on','is',20030525185531,'mheiskan');
INSERT INTO translation_en VALUES ('ankaran hallan todennäköisyys','probability of severe frost',20030525185444,'mheiskan');
INSERT INTO translation_en VALUES ('hallan todennäköisyys','probability of frost',20030525185200,'mheiskan');
INSERT INTO translation_en VALUES ('7-vastaisena yönä','on Sunday night',20030525183703,'mheiskan');
INSERT INTO translation_en VALUES ('6-vastaisena yönä','on Saturday night',20030525183656,'mheiskan');
INSERT INTO translation_en VALUES ('5-vastaisena yönä','on Friday night',20030525183646,'mheiskan');
INSERT INTO translation_en VALUES ('4-vastaisena yönä','on Thursday night',20030525183637,'mheiskan');
INSERT INTO translation_en VALUES ('3-vastaisena yönä','on Wednesday night',20030525183629,'mheiskan');
INSERT INTO translation_en VALUES ('2-vastaisena yönä','on Tuesday night',20030525183620,'mheiskan');
INSERT INTO translation_en VALUES ('1-vastaisena yönä','on Monday night',20030525183608,'mheiskan');
INSERT INTO translation_en VALUES ('sama','the same',20030525142239,'mheiskan');
INSERT INTO translation_en VALUES ('hieman pienempi','somewhat smaller',20030525142233,'mheiskan');
INSERT INTO translation_en VALUES ('hieman suurempi','somewhat greater',20030525142225,'mheiskan');
INSERT INTO translation_en VALUES ('pienempi','smaller',20030525142215,'mheiskan');
INSERT INTO translation_en VALUES ('suurempi','greater',20030525142206,'mheiskan');
INSERT INTO translation_en VALUES ('alin suhteellinen kosteus','the smallest relative humidity',20030525185342,'mheiskan');
INSERT INTO translation_en VALUES ('7-na','on Sunday',20030525141847,'mheiskan');
INSERT INTO translation_en VALUES ('6-na','on Saturday',20030525141841,'mheiskan');
INSERT INTO translation_en VALUES ('5-na','on Friday',20030525141836,'mheiskan');
INSERT INTO translation_en VALUES ('4-na','on Thursday',20030525141830,'mheiskan');
INSERT INTO translation_en VALUES ('3-na','on Wednesday',20030525141824,'mheiskan');
INSERT INTO translation_en VALUES ('2-na','on Tuesday',20030525141818,'mheiskan');
INSERT INTO translation_en VALUES ('1-na','on Monday',20030525141812,'mheiskan');
INSERT INTO translation_en VALUES ('itä','east',20030523163125,'mheiskan');
INSERT INTO translation_en VALUES ('odotettavissa','expected weather',20030513092821,'mheiskan');
INSERT INTO translation_en VALUES ('7-illasta','from Sunday evening',20030512123320,'mheiskan');
INSERT INTO translation_en VALUES ('1-illasta','from Monday evening',20030512090938,'mheiskan');
INSERT INTO translation_en VALUES ('2-illasta','from Tuesday evening',20030512090947,'mheiskan');
INSERT INTO translation_en VALUES ('3-illasta','from Wednesday evening',20030512091007,'mheiskan');
INSERT INTO translation_en VALUES ('4-illasta','from Thursday evening',20030512091026,'mheiskan');
INSERT INTO translation_en VALUES ('5-illasta','from Friday evening',20030512091034,'mheiskan');
INSERT INTO translation_en VALUES ('6-illasta','from Saturday evening',20030512091044,'mheiskan');
INSERT INTO translation_en VALUES ('7-aamuun','until Sunday morning',20030512123316,'mheiskan');
INSERT INTO translation_en VALUES ('1-aamuun','until Monday morning',20030512091410,'mheiskan');
INSERT INTO translation_en VALUES ('2-aamuun','until Tuesday morning',20030512091421,'mheiskan');
INSERT INTO translation_en VALUES ('3-aamuun','until Wednesday morning',20030512091430,'mheiskan');
INSERT INTO translation_en VALUES ('4-aamuun','until Thursday morning',20030512091439,'mheiskan');
INSERT INTO translation_en VALUES ('5-aamuun','until Friday morning',20030512091449,'mheiskan');
INSERT INTO translation_en VALUES ('6-aamuun','until Saturday morning',20030512091457,'mheiskan');
INSERT INTO translation_en VALUES ('pohjoinen','north',20030522114216,'mheiskan');
INSERT INTO translation_en VALUES ('keskilämpötila','mean temperature',20030516130932,'mheiskan');
INSERT INTO translation_en VALUES ('keskimääräinen ylin lämpötila','mean maximum temperature',20030516130946,'mheiskan');
INSERT INTO translation_en VALUES ('keskimääräinen alin lämpötila','mean minimum temperature',20030516130957,'mheiskan');
INSERT INTO translation_en VALUES ('sadesumma','total precipitation',20030516131006,'mheiskan');
INSERT INTO translation_en VALUES ('astetta','degrees',20030516131012,'mheiskan');
INSERT INTO translation_en VALUES ('millimetriä','millimeters',20030516135010,'mheiskan');
INSERT INTO translation_en VALUES ('1-aamusta','from Monday morning',20030519080906,'mheiskan');
INSERT INTO translation_en VALUES ('2-aamusta','from Tuesday morning',20030519080925,'mheiskan');
INSERT INTO translation_en VALUES ('3-aamusta','from Wednesday morning',20030519080933,'mheiskan');
INSERT INTO translation_en VALUES ('4-aamusta','from Thursday morning',20030519080941,'mheiskan');
INSERT INTO translation_en VALUES ('5-aamusta','from Friday morning',20030519080948,'mheiskan');
INSERT INTO translation_en VALUES ('6-aamusta','from Saturday morning',20030519080954,'mheiskan');
INSERT INTO translation_en VALUES ('7-aamusta','from Sunday morning',20030519081000,'mheiskan');
INSERT INTO translation_en VALUES ('alkavan','',20030522133434,'alkavan');
INSERT INTO translation_en VALUES ('1-iltaan','until Monday evening',20030522125646,'mheiskan');
INSERT INTO translation_en VALUES ('2-vuorokauden sää','for the next two days',20030520101207,'mheiskan');
INSERT INTO translation_en VALUES ('3-vuorokauden sää','for the next three days',20030520101215,'mheiskan');
INSERT INTO translation_en VALUES ('4-vuorokauden sää','for the next four days',20030520101237,'mheiskan');
INSERT INTO translation_en VALUES ('5-vuorokauden sää','for the next five days',20030520101245,'mheiskan');
INSERT INTO translation_en VALUES ('6-vuorokauden sää','for the next six days',20030520101253,'mheiskan');
INSERT INTO translation_en VALUES ('7-vuorokauden sää','for the next seven days',20030520101302,'mheiskan');
INSERT INTO translation_en VALUES ('8-vuorokauden sää','for the next eight days',20030520101311,'mheiskan');
INSERT INTO translation_en VALUES ('9-vuorokauden sää','for the next nine days',20030520101318,'mheiskan');
INSERT INTO translation_en VALUES ('10-vuorokauden sää','for the next 10 days',20030520101326,'mheiskan');
INSERT INTO translation_en VALUES ('yli','over',20030522091126,'mheiskan');
INSERT INTO translation_en VALUES ('2-iltaan','until Tuesday evening',20030522122706,'mheiskan');
INSERT INTO translation_en VALUES ('3-iltaan','until Wednesday evening',20030522122714,'mheiskan');
INSERT INTO translation_en VALUES ('4-iltaan','until Thursday evening',20030522122722,'mheiskan');
INSERT INTO translation_en VALUES ('5-iltaan','until Friday evening',20030522122729,'mheiskan');
INSERT INTO translation_en VALUES ('6-iltaan','until Saturday evening',20030522122737,'mheiskan');
INSERT INTO translation_en VALUES ('7-iltaan','until Sunday evening',20030522122747,'mheiskan');
INSERT INTO translation_en VALUES ('monin paikoin enemmän','more in many places',20030523084730,'mheiskan');
INSERT INTO translation_en VALUES ('paikoin enemmän','more in some places',20030523084719,'mheiskan');
INSERT INTO translation_en VALUES ('monin paikoin','in many places',20030523084709,'mheiskan');
INSERT INTO translation_en VALUES ('paikoin','in some places',20030523084701,'mheiskan');
INSERT INTO translation_en VALUES ('asti','',20030522125014,'mheiskan');
INSERT INTO translation_en VALUES ('huomattavasti korkeampi','significantly higher',20030605131751,'mheiskan');
INSERT INTO translation_en VALUES ('korkeampi','higher',20030605131722,'mheiskan');
INSERT INTO translation_en VALUES ('hieman korkeampi','somewhat higher',20030605131744,'mheiskan');
INSERT INTO translation_en VALUES ('suunnilleen sama','about the same',20030526141253,'mheiskan');
INSERT INTO translation_en VALUES ('hieman alempi','somewhat lower',20030605131737,'mheiskan');
INSERT INTO translation_en VALUES ('alempi','lower',20030605131715,'mheiskan');
INSERT INTO translation_en VALUES ('huomattavasti alempi','significantly lower',20030605131755,'mheiskan');
INSERT INTO translation_en VALUES ('noin','about',20030526141339,'mheiskan');
INSERT INTO translation_en VALUES ('seuraavana päivänä','the following day',20030526141402,'mheiskan');
INSERT INTO translation_en VALUES ('päivän ylin lämpötila','the maximum day temperature',20030526141456,'mheiskan');
INSERT INTO translation_en VALUES ('yön alin lämpötila','the minimum night temperature',20030526141500,'mheiskan');
INSERT INTO translation_en VALUES ('päivien ylin lämpötila','daily maximum temperature',20030527112502,'mheiskan');
INSERT INTO translation_en VALUES ('öiden alin lämpötila','nightly minimum temperature',20030527112513,'mheiskan');
INSERT INTO translation_en VALUES ('päivälämpötila','daily maximum temperature',20030527112534,'mheiskan');
INSERT INTO translation_en VALUES ('yölämpötila','daily minimum temperature',20030527112544,'mheiskan');
INSERT INTO translation_en VALUES ('aluksi','in the beginning',20030527112550,'mheiskan');
INSERT INTO translation_en VALUES ('lopuksi','in the end',20030527112556,'mheiskan');
INSERT INTO translation_en VALUES ('100','100',20030527133702,'mheiskan');
INSERT INTO translation_en VALUES ('99','99',20030527133702,'mheiskan');
INSERT INTO translation_en VALUES ('98','98',20030527133702,'mheiskan');
INSERT INTO translation_en VALUES ('97','97',20030527133702,'mheiskan');
INSERT INTO translation_en VALUES ('96','96',20030527133702,'mheiskan');
INSERT INTO translation_en VALUES ('95','95',20030527133702,'mheiskan');
INSERT INTO translation_en VALUES ('94','94',20030527133702,'mheiskan');
INSERT INTO translation_en VALUES ('93','93',20030527133702,'mheiskan');
INSERT INTO translation_en VALUES ('92','92',20030527133702,'mheiskan');
INSERT INTO translation_en VALUES ('91','91',20030527133702,'mheiskan');
INSERT INTO translation_en VALUES ('90','90',20030527133702,'mheiskan');
INSERT INTO translation_en VALUES ('89','89',20030527133702,'mheiskan');
INSERT INTO translation_en VALUES ('88','88',20030527133702,'mheiskan');
INSERT INTO translation_en VALUES ('87','87',20030527133702,'mheiskan');
INSERT INTO translation_en VALUES ('86','86',20030527133702,'mheiskan');
INSERT INTO translation_en VALUES ('85','85',20030527133702,'mheiskan');
INSERT INTO translation_en VALUES ('84','84',20030527133702,'mheiskan');
INSERT INTO translation_en VALUES ('83','83',20030527133702,'mheiskan');
INSERT INTO translation_en VALUES ('82','82',20030527133702,'mheiskan');
INSERT INTO translation_en VALUES ('81','81',20030527133702,'mheiskan');
INSERT INTO translation_en VALUES ('80','80',20030527133702,'mheiskan');
INSERT INTO translation_en VALUES ('79','79',20030527133702,'mheiskan');
INSERT INTO translation_en VALUES ('78','78',20030527133702,'mheiskan');
INSERT INTO translation_en VALUES ('77','77',20030527133702,'mheiskan');
INSERT INTO translation_en VALUES ('76','76',20030527133702,'mheiskan');
INSERT INTO translation_en VALUES ('75','75',20030527133702,'mheiskan');
INSERT INTO translation_en VALUES ('74','74',20030527133702,'mheiskan');
INSERT INTO translation_en VALUES ('73','73',20030527133702,'mheiskan');
INSERT INTO translation_en VALUES ('72','72',20030527133702,'mheiskan');
INSERT INTO translation_en VALUES ('71','71',20030527133702,'mheiskan');
INSERT INTO translation_en VALUES ('70','70',20030527133702,'mheiskan');
INSERT INTO translation_en VALUES ('69','69',20030527133702,'mheiskan');
INSERT INTO translation_en VALUES ('68','68',20030527133702,'mheiskan');
INSERT INTO translation_en VALUES ('67','67',20030527133702,'mheiskan');
INSERT INTO translation_en VALUES ('66','66',20030527133702,'mheiskan');
INSERT INTO translation_en VALUES ('65','65',20030527133702,'mheiskan');
INSERT INTO translation_en VALUES ('64','64',20030527133702,'mheiskan');
INSERT INTO translation_en VALUES ('63','63',20030527133702,'mheiskan');
INSERT INTO translation_en VALUES ('62','62',20030527133702,'mheiskan');
INSERT INTO translation_en VALUES ('61','61',20030527133702,'mheiskan');
INSERT INTO translation_en VALUES ('60','60',20030527133702,'mheiskan');
INSERT INTO translation_en VALUES ('59','59',20030527133702,'mheiskan');
INSERT INTO translation_en VALUES ('58','58',20030527133702,'mheiskan');
INSERT INTO translation_en VALUES ('57','57',20030527133702,'mheiskan');
INSERT INTO translation_en VALUES ('56','56',20030527133702,'mheiskan');
INSERT INTO translation_en VALUES ('55','55',20030527133702,'mheiskan');
INSERT INTO translation_en VALUES ('54','54',20030527133702,'mheiskan');
INSERT INTO translation_en VALUES ('53','53',20030527133702,'mheiskan');
INSERT INTO translation_en VALUES ('52','52',20030527133702,'mheiskan');
INSERT INTO translation_en VALUES ('51','51',20030527133702,'mheiskan');
INSERT INTO translation_en VALUES ('50','50',20030527133702,'mheiskan');
INSERT INTO translation_en VALUES ('49','49',20030527133702,'mheiskan');
INSERT INTO translation_en VALUES ('48','48',20030527133702,'mheiskan');
INSERT INTO translation_en VALUES ('47','47',20030527133702,'mheiskan');
INSERT INTO translation_en VALUES ('46','46',20030527133702,'mheiskan');
INSERT INTO translation_en VALUES ('45','45',20030527133702,'mheiskan');
INSERT INTO translation_en VALUES ('44','44',20030527133702,'mheiskan');
INSERT INTO translation_en VALUES ('43','43',20030527133702,'mheiskan');
INSERT INTO translation_en VALUES ('42','42',20030527133702,'mheiskan');
INSERT INTO translation_en VALUES ('41','41',20030527133702,'mheiskan');
INSERT INTO translation_en VALUES ('40','40',20030527133702,'mheiskan');
INSERT INTO translation_en VALUES ('39','39',20030527133702,'mheiskan');
INSERT INTO translation_en VALUES ('38','38',20030527133702,'mheiskan');
INSERT INTO translation_en VALUES ('37','37',20030527133702,'mheiskan');
INSERT INTO translation_en VALUES ('36','36',20030527133702,'mheiskan');
INSERT INTO translation_en VALUES ('35','35',20030527133702,'mheiskan');
INSERT INTO translation_en VALUES ('34','34',20030527133702,'mheiskan');
INSERT INTO translation_en VALUES ('33','33',20030527133702,'mheiskan');
INSERT INTO translation_en VALUES ('32','32',20030527133702,'mheiskan');
INSERT INTO translation_en VALUES ('31','31',20030527133702,'mheiskan');
INSERT INTO translation_en VALUES ('30','30',20030527133702,'mheiskan');
INSERT INTO translation_en VALUES ('29','29',20030527133702,'mheiskan');
INSERT INTO translation_en VALUES ('28','28',20030527133702,'mheiskan');
INSERT INTO translation_en VALUES ('27','27',20030527133702,'mheiskan');
INSERT INTO translation_en VALUES ('26','26',20030527133702,'mheiskan');
INSERT INTO translation_en VALUES ('25','25',20030527133702,'mheiskan');
INSERT INTO translation_en VALUES ('24','24',20030527133702,'mheiskan');
INSERT INTO translation_en VALUES ('23','23',20030527133702,'mheiskan');
INSERT INTO translation_en VALUES ('22','22',20030527133702,'mheiskan');
INSERT INTO translation_en VALUES ('21','21',20030527133702,'mheiskan');
INSERT INTO translation_en VALUES ('20','20',20030527133702,'mheiskan');
INSERT INTO translation_en VALUES ('19','19',20030527133702,'mheiskan');
INSERT INTO translation_en VALUES ('18','18',20030527133702,'mheiskan');
INSERT INTO translation_en VALUES ('17','17',20030527133702,'mheiskan');
INSERT INTO translation_en VALUES ('16','16',20030527133702,'mheiskan');
INSERT INTO translation_en VALUES ('15','15',20030527133702,'mheiskan');
INSERT INTO translation_en VALUES ('14','14',20030527133702,'mheiskan');
INSERT INTO translation_en VALUES ('13','13',20030527133702,'mheiskan');
INSERT INTO translation_en VALUES ('12','12',20030527133702,'mheiskan');
INSERT INTO translation_en VALUES ('11','11',20030527133702,'mheiskan');
INSERT INTO translation_en VALUES ('10','10',20030527133702,'mheiskan');
INSERT INTO translation_en VALUES ('9','9',20030527133702,'mheiskan');
INSERT INTO translation_en VALUES ('8','8',20030527133702,'mheiskan');
INSERT INTO translation_en VALUES ('7','7',20030527133702,'mheiskan');
INSERT INTO translation_en VALUES ('6','6',20030527133702,'mheiskan');
INSERT INTO translation_en VALUES ('5','5',20030527133702,'mheiskan');
INSERT INTO translation_en VALUES ('4','4',20030527133702,'mheiskan');
INSERT INTO translation_en VALUES ('3','3',20030527133702,'mheiskan');
INSERT INTO translation_en VALUES ('2','2',20030527133702,'mheiskan');
INSERT INTO translation_en VALUES ('1','1',20030527133702,'mheiskan');
INSERT INTO translation_en VALUES ('0','0',20030527133702,'mheiskan');
INSERT INTO translation_en VALUES ('-1','-1',20030527133702,'mheiskan');
INSERT INTO translation_en VALUES ('-2','-2',20030527133702,'mheiskan');
INSERT INTO translation_en VALUES ('-3','-3',20030527133702,'mheiskan');
INSERT INTO translation_en VALUES ('-4','-4',20030527133702,'mheiskan');
INSERT INTO translation_en VALUES ('-5','-5',20030527133702,'mheiskan');
INSERT INTO translation_en VALUES ('-6','-6',20030527133702,'mheiskan');
INSERT INTO translation_en VALUES ('-7','-7',20030527133702,'mheiskan');
INSERT INTO translation_en VALUES ('-8','-8',20030527133702,'mheiskan');
INSERT INTO translation_en VALUES ('-9','-9',20030527133702,'mheiskan');
INSERT INTO translation_en VALUES ('-10','-10',20030527133702,'mheiskan');
INSERT INTO translation_en VALUES ('-11','-11',20030527133702,'mheiskan');
INSERT INTO translation_en VALUES ('-12','-12',20030527133702,'mheiskan');
INSERT INTO translation_en VALUES ('-13','-13',20030527133702,'mheiskan');
INSERT INTO translation_en VALUES ('-14','-14',20030527133702,'mheiskan');
INSERT INTO translation_en VALUES ('-15','-15',20030527133702,'mheiskan');
INSERT INTO translation_en VALUES ('-16','-16',20030527133702,'mheiskan');
INSERT INTO translation_en VALUES ('-17','-17',20030527133702,'mheiskan');
INSERT INTO translation_en VALUES ('-18','-18',20030527133702,'mheiskan');
INSERT INTO translation_en VALUES ('-19','-19',20030527133702,'mheiskan');
INSERT INTO translation_en VALUES ('-20','-20',20030527133702,'mheiskan');
INSERT INTO translation_en VALUES ('-21','-21',20030527133702,'mheiskan');
INSERT INTO translation_en VALUES ('-22','-22',20030527133702,'mheiskan');
INSERT INTO translation_en VALUES ('-23','-23',20030527133702,'mheiskan');
INSERT INTO translation_en VALUES ('-24','-24',20030527133702,'mheiskan');
INSERT INTO translation_en VALUES ('-25','-25',20030527133702,'mheiskan');
INSERT INTO translation_en VALUES ('-26','-26',20030527133702,'mheiskan');
INSERT INTO translation_en VALUES ('-27','-27',20030527133702,'mheiskan');
INSERT INTO translation_en VALUES ('-28','-28',20030527133702,'mheiskan');
INSERT INTO translation_en VALUES ('-29','-29',20030527133702,'mheiskan');
INSERT INTO translation_en VALUES ('-30','-30',20030527133702,'mheiskan');
INSERT INTO translation_en VALUES ('-31','-31',20030527133702,'mheiskan');
INSERT INTO translation_en VALUES ('-32','-32',20030527133702,'mheiskan');
INSERT INTO translation_en VALUES ('-33','-33',20030527133702,'mheiskan');
INSERT INTO translation_en VALUES ('-34','-34',20030527133702,'mheiskan');
INSERT INTO translation_en VALUES ('-35','-35',20030527133702,'mheiskan');
INSERT INTO translation_en VALUES ('-36','-36',20030527133702,'mheiskan');
INSERT INTO translation_en VALUES ('-37','-37',20030527133702,'mheiskan');
INSERT INTO translation_en VALUES ('-38','-38',20030527133702,'mheiskan');
INSERT INTO translation_en VALUES ('-39','-39',20030527133702,'mheiskan');
INSERT INTO translation_en VALUES ('-40','-40',20030527133702,'mheiskan');
INSERT INTO translation_en VALUES ('-41','-41',20030527133702,'mheiskan');
INSERT INTO translation_en VALUES ('-42','-42',20030527133702,'mheiskan');
INSERT INTO translation_en VALUES ('-43','-43',20030527133702,'mheiskan');
INSERT INTO translation_en VALUES ('-44','-44',20030527133702,'mheiskan');
INSERT INTO translation_en VALUES ('-45','-45',20030527133702,'mheiskan');
INSERT INTO translation_en VALUES ('-46','-46',20030527133702,'mheiskan');
INSERT INTO translation_en VALUES ('-47','-47',20030527133702,'mheiskan');
INSERT INTO translation_en VALUES ('-48','-48',20030527133702,'mheiskan');
INSERT INTO translation_en VALUES ('-49','-49',20030527133702,'mheiskan');
INSERT INTO translation_en VALUES ('-50','-50',20030527133702,'mheiskan');
INSERT INTO translation_en VALUES ('-51','-51',20030527133702,'mheiskan');
INSERT INTO translation_en VALUES ('-52','-52',20030527133702,'mheiskan');
INSERT INTO translation_en VALUES ('-53','-53',20030527133702,'mheiskan');
INSERT INTO translation_en VALUES ('-54','-54',20030527133702,'mheiskan');
INSERT INTO translation_en VALUES ('-55','-55',20030527133702,'mheiskan');
INSERT INTO translation_en VALUES ('-56','-56',20030527133702,'mheiskan');
INSERT INTO translation_en VALUES ('-57','-57',20030527133702,'mheiskan');
INSERT INTO translation_en VALUES ('-58','-58',20030527133702,'mheiskan');
INSERT INTO translation_en VALUES ('-59','-59',20030527133702,'mheiskan');
INSERT INTO translation_en VALUES ('-60','-60',20030527133702,'mheiskan');
INSERT INTO translation_en VALUES ('-61','-61',20030527133702,'mheiskan');
INSERT INTO translation_en VALUES ('-62','-62',20030527133702,'mheiskan');
INSERT INTO translation_en VALUES ('-63','-63',20030527133702,'mheiskan');
INSERT INTO translation_en VALUES ('-64','-64',20030527133702,'mheiskan');
INSERT INTO translation_en VALUES ('-65','-65',20030527133702,'mheiskan');
INSERT INTO translation_en VALUES ('-66','-66',20030527133702,'mheiskan');
INSERT INTO translation_en VALUES ('-67','-67',20030527133702,'mheiskan');
INSERT INTO translation_en VALUES ('-68','-68',20030527133702,'mheiskan');
INSERT INTO translation_en VALUES ('-69','-69',20030527133702,'mheiskan');
INSERT INTO translation_en VALUES ('-70','-70',20030527133702,'mheiskan');
INSERT INTO translation_en VALUES ('-71','-71',20030527133702,'mheiskan');
INSERT INTO translation_en VALUES ('-72','-72',20030527133702,'mheiskan');
INSERT INTO translation_en VALUES ('-73','-73',20030527133702,'mheiskan');
INSERT INTO translation_en VALUES ('-74','-74',20030527133702,'mheiskan');
INSERT INTO translation_en VALUES ('-75','-75',20030527133702,'mheiskan');
INSERT INTO translation_en VALUES ('-76','-76',20030527133702,'mheiskan');
INSERT INTO translation_en VALUES ('-77','-77',20030527133702,'mheiskan');
INSERT INTO translation_en VALUES ('-78','-78',20030527133702,'mheiskan');
INSERT INTO translation_en VALUES ('-79','-79',20030527133702,'mheiskan');
INSERT INTO translation_en VALUES ('-80','-80',20030527133702,'mheiskan');
INSERT INTO translation_en VALUES ('-81','-81',20030527133702,'mheiskan');
INSERT INTO translation_en VALUES ('-82','-82',20030527133702,'mheiskan');
INSERT INTO translation_en VALUES ('-83','-83',20030527133702,'mheiskan');
INSERT INTO translation_en VALUES ('-84','-84',20030527133702,'mheiskan');
INSERT INTO translation_en VALUES ('-85','-85',20030527133702,'mheiskan');
INSERT INTO translation_en VALUES ('-86','-86',20030527133702,'mheiskan');
INSERT INTO translation_en VALUES ('-87','-87',20030527133702,'mheiskan');
INSERT INTO translation_en VALUES ('-88','-88',20030527133702,'mheiskan');
INSERT INTO translation_en VALUES ('-89','-89',20030527133702,'mheiskan');
INSERT INTO translation_en VALUES ('-90','-90',20030527133702,'mheiskan');
INSERT INTO translation_en VALUES ('-91','-91',20030527133702,'mheiskan');
INSERT INTO translation_en VALUES ('-92','-92',20030527133702,'mheiskan');
INSERT INTO translation_en VALUES ('-93','-93',20030527133702,'mheiskan');
INSERT INTO translation_en VALUES ('-94','-94',20030527133702,'mheiskan');
INSERT INTO translation_en VALUES ('-95','-95',20030527133702,'mheiskan');
INSERT INTO translation_en VALUES ('-96','-96',20030527133702,'mheiskan');
INSERT INTO translation_en VALUES ('-97','-97',20030527133702,'mheiskan');
INSERT INTO translation_en VALUES ('-98','-98',20030527133702,'mheiskan');
INSERT INTO translation_en VALUES ('-99','-99',20030527133702,'mheiskan');
INSERT INTO translation_en VALUES ('-100','-100',20030527133702,'mheiskan');
INSERT INTO translation_en VALUES ('m/s','m/s',20030527151933,'mheiskan');
INSERT INTO translation_en VALUES ('heikkoa','light',20030530074146,'mheiskan');
INSERT INTO translation_en VALUES ('kohtalaista','moderate',20030530074153,'mheiskan');
INSERT INTO translation_en VALUES ('navakkaa','fresh',20030530074202,'mheiskan');
INSERT INTO translation_en VALUES ('kovaa','strong',20030530074207,'mheiskan');
INSERT INTO translation_en VALUES ('myrskyä','stormy',20030530074213,'mheiskan');
INSERT INTO translation_en VALUES ('tuulta','wind',20030530074619,'mheiskan');
INSERT INTO translation_en VALUES ('suunnaltaan vaihtelevaa','variable',20030530074635,'mheiskan');
INSERT INTO translation_en VALUES ('1-tuulta','northerly wind',20030530074650,'mheiskan');
INSERT INTO translation_en VALUES ('2-tuulta','northeasterly wind',20030530074657,'mheiskan');
INSERT INTO translation_en VALUES ('3-tuulta','easterly wind',20030530074706,'mheiskan');
INSERT INTO translation_en VALUES ('4-tuulta','southeasterly wind',20030530074713,'mheiskan');
INSERT INTO translation_en VALUES ('5-tuulta','southerly wind',20030530074723,'mheiskan');
INSERT INTO translation_en VALUES ('6-tuulta','southwesterly wind',20030530074731,'mheiskan');
INSERT INTO translation_en VALUES ('7-tuulta','westerly wind',20030530074753,'mheiskan');
INSERT INTO translation_en VALUES ('8-tuulta','northwesterly wind',20030530074800,'mheiskan');
INSERT INTO translation_en VALUES ('yöllä','at night',20030530075114,'mheiskan');
INSERT INTO translation_en VALUES ('heikkenevää','weakening',20030530075733,'mheiskan');
INSERT INTO translation_en VALUES ('voimistuvaa','strenghtening',20030530075742,'mheiskan');
INSERT INTO translation_en VALUES ('tuuli','wind',20030530075746,'mheiskan');
INSERT INTO translation_en VALUES ('1-puoleista tuulta','approximately northerly wind',20030530080201,'mheiskan');
INSERT INTO translation_en VALUES ('2-puoleista tuulta','approximately northeasterly wind',20030530080212,'mheiskan');
INSERT INTO translation_en VALUES ('3-puoleista tuulta','approximately easterly wind',20030530080222,'mheiskan');
INSERT INTO translation_en VALUES ('4-puoleista tuulta','approximately southeasterly wind',20030530080233,'mheiskan');
INSERT INTO translation_en VALUES ('5-puoleista tuulta','approximately southerly wind',20030530080243,'mheiskan');
INSERT INTO translation_en VALUES ('6-puoleista tuulta','approximately southwesterly wind',20030530080254,'mheiskan');
INSERT INTO translation_en VALUES ('7-puoleista tuulta','approximately westerly wind',20030530080309,'mheiskan');
INSERT INTO translation_en VALUES ('8-puoleista tuulta','approximately northwesterly wind',20030530080319,'mheiskan');
INSERT INTO translation_en VALUES ('ajoittain lumisadetta','intermittent snowfall',20030530082811,'mheiskan');
INSERT INTO translation_en VALUES ('ajoittain sadetta','intermittent rain',20030530082820,'mheiskan');
INSERT INTO translation_en VALUES ('ajoittain ukkosta','thunder',20030530082828,'mheiskan');
INSERT INTO translation_en VALUES ('heikkoa sadetta','light rain',20030530082837,'mheiskan');
INSERT INTO translation_en VALUES ('lumikuuroja','snow showers',20030530082844,'mheiskan');
INSERT INTO translation_en VALUES ('lumisadetta','snowfall',20030530082850,'mheiskan');
INSERT INTO translation_en VALUES ('mahdollisesti ukkosta','possibility of thunder',20030530082901,'mheiskan');
INSERT INTO translation_en VALUES ('melko selkeää','partly clear',20030530082920,'mheiskan');
INSERT INTO translation_en VALUES ('miinus','minus',20030530082926,'mheiskan');
INSERT INTO translation_en VALUES ('pilvistyvää','increasing cloudiness',20030530082936,'mheiskan');
INSERT INTO translation_en VALUES ('pilvistä','cloudy',20030530082944,'mheiskan');
INSERT INTO translation_en VALUES ('poutaa','clear',20030530082952,'mheiskan');
INSERT INTO translation_en VALUES ('puolipilvistä','partly cloudy',20030530083003,'mheiskan');
INSERT INTO translation_en VALUES ('runsasta sadetta','heavy rain',20030530083012,'mheiskan');
INSERT INTO translation_en VALUES ('sadetta','rain',20030530083018,'mheiskan');
INSERT INTO translation_en VALUES ('sakeaa lumisadetta','heavy snowfall',20030530083027,'mheiskan');
INSERT INTO translation_en VALUES ('sakeita lumikuuroja','heavy snow showers',20030530083038,'mheiskan');
INSERT INTO translation_en VALUES ('selkenevää','decreasing cloudiness',20030530083047,'mheiskan');
INSERT INTO translation_en VALUES ('selkeää','sunny',20030530083055,'mheiskan');
INSERT INTO translation_en VALUES ('tai','or',20030530083100,'mheiskan');
INSERT INTO translation_en VALUES ('tuuli heikkenee','the wind weakens to',20030530100233,'mheiskan');
INSERT INTO translation_en VALUES ('tuuli voimistuu','the wind strenghtens to',20030530100237,'mheiskan');
INSERT INTO translation_en VALUES ('vaihtelevaa pilvisyyttä','variable cloudiness',20030530083131,'mheiskan');
INSERT INTO translation_en VALUES ('vesisadetta','rain',20030530083138,'mheiskan');
INSERT INTO translation_en VALUES ('voimakkaita kuuroja','heavy showers',20030530083148,'mheiskan');
INSERT INTO translation_en VALUES ('vähäisiä kuuroja','light showers',20030530083157,'mheiskan');
INSERT INTO translation_en VALUES ('vähäistä lumisadetta','light snowfall',20030530083208,'mheiskan');
INSERT INTO translation_en VALUES ('heikoksi','light',20030530100253,'mheiskan');
INSERT INTO translation_en VALUES ('kohtalaiseksi','moderate',20030530100303,'mheiskan');
INSERT INTO translation_en VALUES ('navakaksi','fresh',20030530100313,'mheiskan');
INSERT INTO translation_en VALUES ('kovaksi','strong',20030530100317,'mheiskan');
INSERT INTO translation_en VALUES ('myrskyksi','stormy',20030530100328,'mheiskan');
INSERT INTO translation_en VALUES ('1-tuuleksi','northerly wind',20030530100412,'mheiskan');
INSERT INTO translation_en VALUES ('2-tuuleksi','northeasterly wind',20030530100420,'mheiskan');
INSERT INTO translation_en VALUES ('3-tuuleksi','easterly wind',20030530100426,'mheiskan');
INSERT INTO translation_en VALUES ('4-tuuleksi','southeasterly wind',20030530100433,'mheiskan');
INSERT INTO translation_en VALUES ('5-tuuleksi','southerly wind',20030530100442,'mheiskan');
INSERT INTO translation_en VALUES ('6-tuuleksi','southwesterly wind',20030530100449,'mheiskan');
INSERT INTO translation_en VALUES ('7-tuuleksi','westerly wind',20030530100455,'mheiskan');
INSERT INTO translation_en VALUES ('8-tuuleksi','northwesterly wind',20030530100502,'mheiskan');
INSERT INTO translation_en VALUES ('1-puoleiseksi tuuleksi','approximately northerly wind',20030530100758,'mheiskan');
INSERT INTO translation_en VALUES ('2-puoleiseksi tuuleksi','approximately northeasterly wind',20030530100808,'mheiskan');
INSERT INTO translation_en VALUES ('3-puoleiseksi tuuleksi','approximately easterly wind',20030530100819,'mheiskan');
INSERT INTO translation_en VALUES ('4-puoleiseksi tuuleksi','approximately southeasterly wind',20030530100833,'mheiskan');
INSERT INTO translation_en VALUES ('5-puoleiseksi tuuleksi','approximately southerly wind',20030530100846,'mheiskan');
INSERT INTO translation_en VALUES ('6-puoleiseksi tuuleksi','approximately southwesterly wind',20030530100858,'mheiskan');
INSERT INTO translation_en VALUES ('7-puoleiseksi tuuleksi','approximately westerly wind',20030530100908,'mheiskan');
INSERT INTO translation_en VALUES ('8-puoleiseksi tuuleksi','approximately northwesterly wind',20030530100918,'mheiskan');
INSERT INTO translation_en VALUES ('tuuli tyyntyy','the wind becomes calm',20030530101246,'mheiskan');
INSERT INTO translation_en VALUES ('tyyneksi','calm',20030530101256,'mheiskan');
INSERT INTO translation_en VALUES ('tyyntä','calm winds',20030530101303,'mheiskan');
INSERT INTO translation_en VALUES ('viiva','to',20030530101356,'mheiskan');
INSERT INTO translation_en VALUES ('räntäsadetta','sleet',20030530102354,'mheiskan');
INSERT INTO translation_en VALUES ('sää on epävakaista','the weather is unstable',20030530102449,'mheiskan');
INSERT INTO translation_en VALUES ('lumi-','snow',20030530103008,'mheiskan');
INSERT INTO translation_en VALUES ('räntä-','sleet',20030530103014,'mheiskan');
INSERT INTO translation_en VALUES ('vesi-','rain',20030530103057,'mheiskan');
INSERT INTO translation_en VALUES ('edelleen','continued',20030530120844,'mheiskan');
INSERT INTO translation_en VALUES ('enimmäkseen','mostly',20030530120902,'mheiskan');
INSERT INTO translation_en VALUES ('ajoittain sateista','intermittent rain',20030530121004,'mheiskan');
INSERT INTO translation_en VALUES ('päivällä','during the day',20030530121036,'mheiskan');
INSERT INTO translation_en VALUES ('hirmumyrskyä','severe storm',20030530121214,'mheiskan');
INSERT INTO translation_en VALUES ('hirmumyrskyksi','severe storm',20030530121222,'mheiskan');
INSERT INTO translation_en VALUES ('sääennuste','weather report',20030604064140,'mheiskan');
INSERT INTO translation_en VALUES ('kello','',20030604064144,'mheiskan');
INSERT INTO translation_en VALUES ('o\'clock','o\'clock',20030604064151,'mheiskan');
INSERT INTO translation_en VALUES ('aland:lle','for Åland Islands',20030604071133,'mheiskan');
INSERT INTO translation_en VALUES ('etela-karjala:lle','for Southern Karelia',20030604071149,'mheiskan');
INSERT INTO translation_en VALUES ('etela-pohjanmaa:lle','for Southern Ostrobothnia',20030604071233,'mheiskan');
INSERT INTO translation_en VALUES ('etela-savo:lle','for Southern Savonia',20030604071259,'mheiskan');
INSERT INTO translation_en VALUES ('hame:lle','for Tavastia',20030604071319,'mheiskan');
INSERT INTO translation_en VALUES ('kainuu:lle','for Kainuu',20030604071335,'mheiskan');
INSERT INTO translation_en VALUES ('keski-pohjanmaa:lle','for Central Ostrobothnia',20030604071356,'mheiskan');
INSERT INTO translation_en VALUES ('keski-suomi:lle','for Central Finland',20030604071405,'mheiskan');
INSERT INTO translation_en VALUES ('koillismaa:lle','for Koillismaa',20030604071414,'mheiskan');
INSERT INTO translation_en VALUES ('kymenlaakso:lle','for Kymenlaakso',20030604071429,'mheiskan');
INSERT INTO translation_en VALUES ('lansi-lappi:lle','for Western Lapland',20030604071445,'mheiskan');
INSERT INTO translation_en VALUES ('nyland:lle','for Uusimaa',20030604071456,'mheiskan');
INSERT INTO translation_en VALUES ('osterbotten:lle','for Ostrobothnia',20030604071508,'mheiskan');
INSERT INTO translation_en VALUES ('paijat-hame:lle','for Päijänne Tavastia',20030604071524,'mheiskan');
INSERT INTO translation_en VALUES ('pirkanmaa:lle','for Pirkanmaa',20030604071538,'mheiskan');
INSERT INTO translation_en VALUES ('pohjois-karjala:lle','for Northern Karelia',20030604071547,'mheiskan');
INSERT INTO translation_en VALUES ('pohjois-lappi:lle','for Northern Lapland',20030604071557,'mheiskan');
INSERT INTO translation_en VALUES ('pohjois-pohjanmaa:lle','for Northern Ostrobothnia',20030604071613,'mheiskan');
INSERT INTO translation_en VALUES ('pohjois-savo:lle','for Northern Savonia',20030604071630,'mheiskan');
INSERT INTO translation_en VALUES ('satakunta:lle','for Satakunta',20030604071642,'mheiskan');
INSERT INTO translation_en VALUES ('uusimaa:lle','for Uusimaa',20030604071651,'mheiskan');
INSERT INTO translation_en VALUES ('varsinais-suomi:lle','for Finland Proper',20030604071709,'mheiskan');
INSERT INTO translation_en VALUES ('huomattavasti suurempi','significantly greater',20030604080106,'mheiskan');
INSERT INTO translation_en VALUES ('huomattavasti pienempi','significantly smaller',20030604080116,'mheiskan');
INSERT INTO translation_en VALUES ('rannikolla','the coastal area',20030605180511,'mheiskan');

--
-- Table structure for table 'translation_fi'
--

CREATE TABLE translation_fi (
  keyword varchar(32) NOT NULL default '',
  translation varchar(255) NOT NULL default '',
  modtime timestamp(14) NOT NULL,
  user varchar(32) default '',
  PRIMARY KEY  (keyword)
) TYPE=MyISAM;

--
-- Dumping data for table 'translation_fi'
--

INSERT INTO translation_fi VALUES ('etelä','etelä',20030425093031,'mheiskan');
INSERT INTO translation_fi VALUES ('lounas','lounas',20030425093028,'mheiskan');
INSERT INTO translation_fi VALUES ('länsi','länsi',20030425093024,'mheiskan');
INSERT INTO translation_fi VALUES ('lämpötila','lämpötila',20030425093016,'mheiskan');
INSERT INTO translation_fi VALUES ('ma','ma',20030425093223,'mheiskan');
INSERT INTO translation_fi VALUES ('ti','ti',20030425093226,'mheiskan');
INSERT INTO translation_fi VALUES ('ke','ke',20030425093231,'mheiskan');
INSERT INTO translation_fi VALUES ('to','to',20030425093235,'mheiskan');
INSERT INTO translation_fi VALUES ('pe','pe',20030425093238,'mheiskan');
INSERT INTO translation_fi VALUES ('la','la',20030425093242,'mheiskan');
INSERT INTO translation_fi VALUES ('su','su',20030425093304,'mheiskan');
INSERT INTO translation_fi VALUES ('luode','luode',20030425102405,'mheiskan');
INSERT INTO translation_fi VALUES ('huomattavasti lämpimämpi','huomattavasti lämpimämpi',20030525185918,'mheiskan');
INSERT INTO translation_fi VALUES ('lämpimämpi','lämpimämpi',20030525185904,'mheiskan');
INSERT INTO translation_fi VALUES ('seuraava yö','seuraava yö',20030525190103,'mheiskan');
INSERT INTO translation_fi VALUES ('alin suhteellinen kosteus','alin suhteellinen kosteus',20030525185247,'mheiskan');
INSERT INTO translation_fi VALUES ('ankaran hallan todennäköisyys','ankaran hallan todennäköisyys',20030525185234,'mheiskan');
INSERT INTO translation_fi VALUES ('hallan todennäköisyys','hallan todennäköisyys',20030525185104,'mheiskan');
INSERT INTO translation_fi VALUES ('7-vastaisena yönä','sunnuntain vastaisena yönä',20030525183354,'mheiskan');
INSERT INTO translation_fi VALUES ('6-vastaisena yönä','lauantain vastaisena yönä',20030525183342,'mheiskan');
INSERT INTO translation_fi VALUES ('5-vastaisena yönä','perjantain vastaisena yönä',20030525183332,'mheiskan');
INSERT INTO translation_fi VALUES ('4-vastaisena yönä','torstain vastaisena yönä',20030525183321,'mheiskan');
INSERT INTO translation_fi VALUES ('3-vastaisena yönä','keskiviikon vastaisena yönä',20030525183308,'mheiskan');
INSERT INTO translation_fi VALUES ('2-vastaisena yönä','tiistain vastaisena yönä',20030525183257,'mheiskan');
INSERT INTO translation_fi VALUES ('1-vastaisena yönä','maanantain vastaisena yönä',20030525183241,'mheiskan');
INSERT INTO translation_fi VALUES ('sama','sama',20030525141953,'mheiskan');
INSERT INTO translation_fi VALUES ('hieman pienempi','hieman pienempi',20030525141948,'mheiskan');
INSERT INTO translation_fi VALUES ('hieman suurempi','hieman suurempi',20030525141939,'mheiskan');
INSERT INTO translation_fi VALUES ('pienempi','pienempi',20030525141932,'mheiskan');
INSERT INTO translation_fi VALUES ('suurempi','suurempi',20030525141925,'mheiskan');
INSERT INTO translation_fi VALUES ('on','on',20030525185508,'mheiskan');
INSERT INTO translation_fi VALUES ('seuraavana yönä','seuraavana yönä',20030525185616,'mheiskan');
INSERT INTO translation_fi VALUES ('7-na','sunnuntaina',20030525141641,'mheiskan');
INSERT INTO translation_fi VALUES ('6-na','lauantaina',20030525141635,'mheiskan');
INSERT INTO translation_fi VALUES ('5-na','perjantaina',20030525141629,'mheiskan');
INSERT INTO translation_fi VALUES ('4-na','torstaina',20030525141616,'mheiskan');
INSERT INTO translation_fi VALUES ('3-na','keskiviikkona',20030525141609,'mheiskan');
INSERT INTO translation_fi VALUES ('2-na','tiistaina',20030525141602,'mheiskan');
INSERT INTO translation_fi VALUES ('1-na','maanantaina',20030525141555,'mheiskan');
INSERT INTO translation_fi VALUES ('odotettavissa','odotettavissa',20030512085059,'mheiskan');
INSERT INTO translation_fi VALUES ('7-illasta','sunnuntai-illasta',20030512123251,'mheiskan');
INSERT INTO translation_fi VALUES ('1-illasta','maanantai-illasta',20030512090629,'mheiskan');
INSERT INTO translation_fi VALUES ('2-illasta','tiistai-illasta',20030512090637,'mheiskan');
INSERT INTO translation_fi VALUES ('3-illasta','keskiviikkoillasta',20030522134950,'mheiskan');
INSERT INTO translation_fi VALUES ('4-illasta','torstai-illasta',20030512090653,'mheiskan');
INSERT INTO translation_fi VALUES ('5-illasta','perjantai-illasta',20030512090701,'mheiskan');
INSERT INTO translation_fi VALUES ('6-illasta','lauantai-illasta',20030512090709,'mheiskan');
INSERT INTO translation_fi VALUES ('7-aamuun','sunnuntaiaamuun',20030512123248,'mheiskan');
INSERT INTO translation_fi VALUES ('1-aamuun','maanantaiaamuun',20030512091143,'mheiskan');
INSERT INTO translation_fi VALUES ('2-aamuun','tiistaiaamuun',20030512091149,'mheiskan');
INSERT INTO translation_fi VALUES ('3-aamuun','keskiviikkoaamuun',20030512091156,'mheiskan');
INSERT INTO translation_fi VALUES ('4-aamuun','torstaiaamuun',20030512091203,'mheiskan');
INSERT INTO translation_fi VALUES ('5-aamuun','perjantaiaamuun',20030512091211,'mheiskan');
INSERT INTO translation_fi VALUES ('6-aamuun','lauantaiaamuun',20030512091218,'mheiskan');
INSERT INTO translation_fi VALUES ('keskilämpötila','keskilämpötila',20030516130353,'mheiskan');
INSERT INTO translation_fi VALUES ('keskimääräinen ylin lämpötila','keskimääräinen ylin lämpötila',20030520101856,'mheiskan');
INSERT INTO translation_fi VALUES ('keskimääräinen alin lämpötila','keskimääräinen alin lämpötila',20030516130426,'mheiskan');
INSERT INTO translation_fi VALUES ('astetta','astetta',20030516130441,'mheiskan');
INSERT INTO translation_fi VALUES ('sadesumma','sadesumma',20030516130449,'mheiskan');
INSERT INTO translation_fi VALUES ('millimetriä','millimetriä',20030516134926,'mheiskan');
INSERT INTO translation_fi VALUES ('alkavan','alkavan',20030522133353,'mheiskan');
INSERT INTO translation_fi VALUES ('pohjoinen','pohjoinen',20030522125620,'mheiskan');
INSERT INTO translation_fi VALUES ('1-aamusta','maanantaiaamusta',20030519080431,'mheiskan');
INSERT INTO translation_fi VALUES ('2-aamusta','tiistaiaamusta',20030519080435,'mheiskan');
INSERT INTO translation_fi VALUES ('3-aamusta','keskiviikkoaamusta',20030519080437,'mheiskan');
INSERT INTO translation_fi VALUES ('4-aamusta','torstaiaamusta',20030519080440,'mheiskan');
INSERT INTO translation_fi VALUES ('5-aamusta','perjantaiaamusta',20030519080442,'mheiskan');
INSERT INTO translation_fi VALUES ('6-aamusta','lauantaiaamusta',20030519080444,'mheiskan');
INSERT INTO translation_fi VALUES ('7-aamusta','sunnuntaiaamusta',20030519080447,'mheiskan');
INSERT INTO translation_fi VALUES ('2-vuorokauden sää','kahden vuorokauden sää',20030520100757,'mheiskan');
INSERT INTO translation_fi VALUES ('3-vuorokauden sää','kolmen vuorokauden sää',20030520100806,'mheiskan');
INSERT INTO translation_fi VALUES ('4-vuorokauden sää','neljän vuorokauden sää',20030520100815,'mheiskan');
INSERT INTO translation_fi VALUES ('5-vuorokauden sää','viiden vuorokauden sää',20030520100824,'mheiskan');
INSERT INTO translation_fi VALUES ('6-vuorokauden sää','kuuden vuorokauden sää',20030520100835,'mheiskan');
INSERT INTO translation_fi VALUES ('7-vuorokauden sää','seitsemän vuorokauden sää',20030520100846,'mheiskan');
INSERT INTO translation_fi VALUES ('8-vuorokauden sää','kahdeksan vuorokauden sää',20030520100857,'mheiskan');
INSERT INTO translation_fi VALUES ('9-vuorokauden sää','yhdeksän vuorokauden sää',20030520100906,'mheiskan');
INSERT INTO translation_fi VALUES ('10-vuorokauden sää','kymmenen vuorokauden sää',20030520100915,'mheiskan');
INSERT INTO translation_fi VALUES ('yli','yli',20030522091021,'mheiskan');
INSERT INTO translation_fi VALUES ('1-iltaan','maanantai-iltaan',20030522121742,'mheiskan');
INSERT INTO translation_fi VALUES ('2-iltaan','tiistai-iltaan',20030522121749,'mheiskan');
INSERT INTO translation_fi VALUES ('3-iltaan','keskiviikkoiltaan',20030522134940,'mheiskan');
INSERT INTO translation_fi VALUES ('4-iltaan','torstai-iltaan',20030522121806,'mheiskan');
INSERT INTO translation_fi VALUES ('5-iltaan','perjantai-iltaan',20030522121816,'mheiskan');
INSERT INTO translation_fi VALUES ('6-iltaan','lauantai-iltaan',20030522121825,'mheiskan');
INSERT INTO translation_fi VALUES ('7-iltaan','sunnuntai-iltaan',20030522121832,'mheiskan');
INSERT INTO translation_fi VALUES ('monin paikoin enemmän','monin paikoin enemmän',20030523084452,'mheiskan');
INSERT INTO translation_fi VALUES ('paikoin enemmän','paikoin enemmän',20030523084441,'mheiskan');
INSERT INTO translation_fi VALUES ('monin paikoin','monin paikoin',20030523084431,'mheiskan');
INSERT INTO translation_fi VALUES ('paikoin','paikoin',20030523084423,'mheiskan');
INSERT INTO translation_fi VALUES ('asti','asti',20030522124904,'mheiskan');
INSERT INTO translation_fi VALUES ('päivän ylin lämpötila','päivän ylin lämpötila',20030526134747,'mheiskan');
INSERT INTO translation_fi VALUES ('noin','noin',20030526134946,'mheiskan');
INSERT INTO translation_fi VALUES ('seuraavana päivänä','seuraavana päivänä',20030526135021,'mheiskan');
INSERT INTO translation_fi VALUES ('huomattavasti korkeampi','huomattavasti korkeampi',20030526135141,'mheiskan');
INSERT INTO translation_fi VALUES ('korkeampi','korkeampi',20030526135202,'mheiskan');
INSERT INTO translation_fi VALUES ('itä','itä',20030526141152,'mheiskan');
INSERT INTO translation_fi VALUES ('suunnilleen sama','suunnilleen sama',20030526135221,'mheiskan');
INSERT INTO translation_fi VALUES ('hieman alempi','hieman alempi',20030526141054,'mheiskan');
INSERT INTO translation_fi VALUES ('alempi','alempi',20030526140053,'mheiskan');
INSERT INTO translation_fi VALUES ('huomattavasti alempi','huomattavasti alempi',20030526140102,'mheiskan');
INSERT INTO translation_fi VALUES ('yön alin lämpötila','yön alin lämpötila',20030526140135,'mheiskan');
INSERT INTO translation_fi VALUES ('hieman korkeampi','hieman korkeampi',20030526141022,'mheiskan');
INSERT INTO translation_fi VALUES ('93','93',20030527133611,'mheiskan');
INSERT INTO translation_fi VALUES ('94','94',20030527133610,'mheiskan');
INSERT INTO translation_fi VALUES ('95','95',20030527133610,'mheiskan');
INSERT INTO translation_fi VALUES ('96','96',20030527133610,'mheiskan');
INSERT INTO translation_fi VALUES ('97','97',20030527133610,'mheiskan');
INSERT INTO translation_fi VALUES ('98','98',20030527133610,'mheiskan');
INSERT INTO translation_fi VALUES ('99','99',20030527133610,'mheiskan');
INSERT INTO translation_fi VALUES ('100','100',20030527133610,'mheiskan');
INSERT INTO translation_fi VALUES ('kaakko','kaakko',20030527112218,'mheiskan');
INSERT INTO translation_fi VALUES ('lopuksi','lopuksi',20030527112142,'mheiskan');
INSERT INTO translation_fi VALUES ('aluksi','aluksi',20030527112137,'mheiskan');
INSERT INTO translation_fi VALUES ('yölämpötila','yölämpötila',20030527112132,'mheiskan');
INSERT INTO translation_fi VALUES ('päivälämpötila','päivälämpötila',20030527112124,'mheiskan');
INSERT INTO translation_fi VALUES ('öiden alin lämpötila','öiden alin lämpötila',20030527112114,'mheiskan');
INSERT INTO translation_fi VALUES ('suunnaltaan vaihtelevaa','suunnaltaan vaihtelevaa',20030527152428,'mheiskan');
INSERT INTO translation_fi VALUES ('92','92',20030527133611,'mheiskan');
INSERT INTO translation_fi VALUES ('91','91',20030527133611,'mheiskan');
INSERT INTO translation_fi VALUES ('90','90',20030527133611,'mheiskan');
INSERT INTO translation_fi VALUES ('89','89',20030527133611,'mheiskan');
INSERT INTO translation_fi VALUES ('88','88',20030527133611,'mheiskan');
INSERT INTO translation_fi VALUES ('87','87',20030527133611,'mheiskan');
INSERT INTO translation_fi VALUES ('86','86',20030527133611,'mheiskan');
INSERT INTO translation_fi VALUES ('85','85',20030527133611,'mheiskan');
INSERT INTO translation_fi VALUES ('84','84',20030527133611,'mheiskan');
INSERT INTO translation_fi VALUES ('83','83',20030527133611,'mheiskan');
INSERT INTO translation_fi VALUES ('82','82',20030527133611,'mheiskan');
INSERT INTO translation_fi VALUES ('81','81',20030527133611,'mheiskan');
INSERT INTO translation_fi VALUES ('80','80',20030527133611,'mheiskan');
INSERT INTO translation_fi VALUES ('79','79',20030527133611,'mheiskan');
INSERT INTO translation_fi VALUES ('78','78',20030527133611,'mheiskan');
INSERT INTO translation_fi VALUES ('77','77',20030527133611,'mheiskan');
INSERT INTO translation_fi VALUES ('76','76',20030527133611,'mheiskan');
INSERT INTO translation_fi VALUES ('75','75',20030527133611,'mheiskan');
INSERT INTO translation_fi VALUES ('74','74',20030527133611,'mheiskan');
INSERT INTO translation_fi VALUES ('73','73',20030527133611,'mheiskan');
INSERT INTO translation_fi VALUES ('72','72',20030527133611,'mheiskan');
INSERT INTO translation_fi VALUES ('71','71',20030527133611,'mheiskan');
INSERT INTO translation_fi VALUES ('70','70',20030527133611,'mheiskan');
INSERT INTO translation_fi VALUES ('69','69',20030527133611,'mheiskan');
INSERT INTO translation_fi VALUES ('68','68',20030527133611,'mheiskan');
INSERT INTO translation_fi VALUES ('67','67',20030527133611,'mheiskan');
INSERT INTO translation_fi VALUES ('66','66',20030527133611,'mheiskan');
INSERT INTO translation_fi VALUES ('65','65',20030527133611,'mheiskan');
INSERT INTO translation_fi VALUES ('64','64',20030527133611,'mheiskan');
INSERT INTO translation_fi VALUES ('63','63',20030527133611,'mheiskan');
INSERT INTO translation_fi VALUES ('62','62',20030527133611,'mheiskan');
INSERT INTO translation_fi VALUES ('61','61',20030527133611,'mheiskan');
INSERT INTO translation_fi VALUES ('60','60',20030527133611,'mheiskan');
INSERT INTO translation_fi VALUES ('59','59',20030527133611,'mheiskan');
INSERT INTO translation_fi VALUES ('58','58',20030527133611,'mheiskan');
INSERT INTO translation_fi VALUES ('57','57',20030527133611,'mheiskan');
INSERT INTO translation_fi VALUES ('56','56',20030527133611,'mheiskan');
INSERT INTO translation_fi VALUES ('55','55',20030527133611,'mheiskan');
INSERT INTO translation_fi VALUES ('54','54',20030527133611,'mheiskan');
INSERT INTO translation_fi VALUES ('53','53',20030527133611,'mheiskan');
INSERT INTO translation_fi VALUES ('52','52',20030527133611,'mheiskan');
INSERT INTO translation_fi VALUES ('51','51',20030527133611,'mheiskan');
INSERT INTO translation_fi VALUES ('50','50',20030527133611,'mheiskan');
INSERT INTO translation_fi VALUES ('49','49',20030527133611,'mheiskan');
INSERT INTO translation_fi VALUES ('48','48',20030527133611,'mheiskan');
INSERT INTO translation_fi VALUES ('47','47',20030527133611,'mheiskan');
INSERT INTO translation_fi VALUES ('46','46',20030527133611,'mheiskan');
INSERT INTO translation_fi VALUES ('45','45',20030527133611,'mheiskan');
INSERT INTO translation_fi VALUES ('44','44',20030527133611,'mheiskan');
INSERT INTO translation_fi VALUES ('43','43',20030527133611,'mheiskan');
INSERT INTO translation_fi VALUES ('42','42',20030527133611,'mheiskan');
INSERT INTO translation_fi VALUES ('41','41',20030527133611,'mheiskan');
INSERT INTO translation_fi VALUES ('40','40',20030527133611,'mheiskan');
INSERT INTO translation_fi VALUES ('39','39',20030527133611,'mheiskan');
INSERT INTO translation_fi VALUES ('38','38',20030527133611,'mheiskan');
INSERT INTO translation_fi VALUES ('37','37',20030527133611,'mheiskan');
INSERT INTO translation_fi VALUES ('36','36',20030527133611,'mheiskan');
INSERT INTO translation_fi VALUES ('35','35',20030527133611,'mheiskan');
INSERT INTO translation_fi VALUES ('34','34',20030527133611,'mheiskan');
INSERT INTO translation_fi VALUES ('33','33',20030527133611,'mheiskan');
INSERT INTO translation_fi VALUES ('32','32',20030527133611,'mheiskan');
INSERT INTO translation_fi VALUES ('31','31',20030527133611,'mheiskan');
INSERT INTO translation_fi VALUES ('30','30',20030527133611,'mheiskan');
INSERT INTO translation_fi VALUES ('29','29',20030527133611,'mheiskan');
INSERT INTO translation_fi VALUES ('28','28',20030527133611,'mheiskan');
INSERT INTO translation_fi VALUES ('27','27',20030527133611,'mheiskan');
INSERT INTO translation_fi VALUES ('26','26',20030527133611,'mheiskan');
INSERT INTO translation_fi VALUES ('25','25',20030527133611,'mheiskan');
INSERT INTO translation_fi VALUES ('24','24',20030527133611,'mheiskan');
INSERT INTO translation_fi VALUES ('23','23',20030527133611,'mheiskan');
INSERT INTO translation_fi VALUES ('22','22',20030527133611,'mheiskan');
INSERT INTO translation_fi VALUES ('21','21',20030527133611,'mheiskan');
INSERT INTO translation_fi VALUES ('20','20',20030527133611,'mheiskan');
INSERT INTO translation_fi VALUES ('19','19',20030527133611,'mheiskan');
INSERT INTO translation_fi VALUES ('18','18',20030527133611,'mheiskan');
INSERT INTO translation_fi VALUES ('17','17',20030527133611,'mheiskan');
INSERT INTO translation_fi VALUES ('16','16',20030527133611,'mheiskan');
INSERT INTO translation_fi VALUES ('15','15',20030527133611,'mheiskan');
INSERT INTO translation_fi VALUES ('14','14',20030527133611,'mheiskan');
INSERT INTO translation_fi VALUES ('13','13',20030527133611,'mheiskan');
INSERT INTO translation_fi VALUES ('12','12',20030527133611,'mheiskan');
INSERT INTO translation_fi VALUES ('11','11',20030527133611,'mheiskan');
INSERT INTO translation_fi VALUES ('10','10',20030527133611,'mheiskan');
INSERT INTO translation_fi VALUES ('9','9',20030527133611,'mheiskan');
INSERT INTO translation_fi VALUES ('8','8',20030527133611,'mheiskan');
INSERT INTO translation_fi VALUES ('7','7',20030527133611,'mheiskan');
INSERT INTO translation_fi VALUES ('6','6',20030527133611,'mheiskan');
INSERT INTO translation_fi VALUES ('5','5',20030527133611,'mheiskan');
INSERT INTO translation_fi VALUES ('4','4',20030527133611,'mheiskan');
INSERT INTO translation_fi VALUES ('3','3',20030527133611,'mheiskan');
INSERT INTO translation_fi VALUES ('2','2',20030527133611,'mheiskan');
INSERT INTO translation_fi VALUES ('1','1',20030527133611,'mheiskan');
INSERT INTO translation_fi VALUES ('0','0',20030527133611,'mheiskan');
INSERT INTO translation_fi VALUES ('-1','-1',20030527133611,'mheiskan');
INSERT INTO translation_fi VALUES ('-2','-2',20030527133611,'mheiskan');
INSERT INTO translation_fi VALUES ('-3','-3',20030527133611,'mheiskan');
INSERT INTO translation_fi VALUES ('-4','-4',20030527133611,'mheiskan');
INSERT INTO translation_fi VALUES ('-5','-5',20030527133611,'mheiskan');
INSERT INTO translation_fi VALUES ('-6','-6',20030527133611,'mheiskan');
INSERT INTO translation_fi VALUES ('-7','-7',20030527133611,'mheiskan');
INSERT INTO translation_fi VALUES ('-8','-8',20030527133611,'mheiskan');
INSERT INTO translation_fi VALUES ('-9','-9',20030527133611,'mheiskan');
INSERT INTO translation_fi VALUES ('-10','-10',20030527133611,'mheiskan');
INSERT INTO translation_fi VALUES ('-11','-11',20030527133611,'mheiskan');
INSERT INTO translation_fi VALUES ('-12','-12',20030527133611,'mheiskan');
INSERT INTO translation_fi VALUES ('-13','-13',20030527133611,'mheiskan');
INSERT INTO translation_fi VALUES ('-14','-14',20030527133611,'mheiskan');
INSERT INTO translation_fi VALUES ('-15','-15',20030527133611,'mheiskan');
INSERT INTO translation_fi VALUES ('-16','-16',20030527133611,'mheiskan');
INSERT INTO translation_fi VALUES ('-17','-17',20030527133611,'mheiskan');
INSERT INTO translation_fi VALUES ('-18','-18',20030527133611,'mheiskan');
INSERT INTO translation_fi VALUES ('-19','-19',20030527133611,'mheiskan');
INSERT INTO translation_fi VALUES ('-20','-20',20030527133611,'mheiskan');
INSERT INTO translation_fi VALUES ('-21','-21',20030527133611,'mheiskan');
INSERT INTO translation_fi VALUES ('-22','-22',20030527133611,'mheiskan');
INSERT INTO translation_fi VALUES ('-23','-23',20030527133611,'mheiskan');
INSERT INTO translation_fi VALUES ('-24','-24',20030527133611,'mheiskan');
INSERT INTO translation_fi VALUES ('-25','-25',20030527133611,'mheiskan');
INSERT INTO translation_fi VALUES ('-26','-26',20030527133611,'mheiskan');
INSERT INTO translation_fi VALUES ('-27','-27',20030527133611,'mheiskan');
INSERT INTO translation_fi VALUES ('-28','-28',20030527133611,'mheiskan');
INSERT INTO translation_fi VALUES ('-29','-29',20030527133611,'mheiskan');
INSERT INTO translation_fi VALUES ('-30','-30',20030527133611,'mheiskan');
INSERT INTO translation_fi VALUES ('-31','-31',20030527133611,'mheiskan');
INSERT INTO translation_fi VALUES ('-32','-32',20030527133611,'mheiskan');
INSERT INTO translation_fi VALUES ('-33','-33',20030527133611,'mheiskan');
INSERT INTO translation_fi VALUES ('-34','-34',20030527133611,'mheiskan');
INSERT INTO translation_fi VALUES ('-35','-35',20030527133611,'mheiskan');
INSERT INTO translation_fi VALUES ('-36','-36',20030527133611,'mheiskan');
INSERT INTO translation_fi VALUES ('-37','-37',20030527133611,'mheiskan');
INSERT INTO translation_fi VALUES ('-38','-38',20030527133611,'mheiskan');
INSERT INTO translation_fi VALUES ('-39','-39',20030527133611,'mheiskan');
INSERT INTO translation_fi VALUES ('-40','-40',20030527133611,'mheiskan');
INSERT INTO translation_fi VALUES ('-41','-41',20030527133611,'mheiskan');
INSERT INTO translation_fi VALUES ('-42','-42',20030527133611,'mheiskan');
INSERT INTO translation_fi VALUES ('-43','-43',20030527133611,'mheiskan');
INSERT INTO translation_fi VALUES ('-44','-44',20030527133611,'mheiskan');
INSERT INTO translation_fi VALUES ('-45','-45',20030527133611,'mheiskan');
INSERT INTO translation_fi VALUES ('-46','-46',20030527133611,'mheiskan');
INSERT INTO translation_fi VALUES ('-47','-47',20030527133611,'mheiskan');
INSERT INTO translation_fi VALUES ('-48','-48',20030527133611,'mheiskan');
INSERT INTO translation_fi VALUES ('-49','-49',20030527133611,'mheiskan');
INSERT INTO translation_fi VALUES ('-50','-50',20030527133611,'mheiskan');
INSERT INTO translation_fi VALUES ('-51','-51',20030527133611,'mheiskan');
INSERT INTO translation_fi VALUES ('-52','-52',20030527133611,'mheiskan');
INSERT INTO translation_fi VALUES ('-53','-53',20030527133611,'mheiskan');
INSERT INTO translation_fi VALUES ('-54','-54',20030527133611,'mheiskan');
INSERT INTO translation_fi VALUES ('-55','-55',20030527133611,'mheiskan');
INSERT INTO translation_fi VALUES ('-56','-56',20030527133611,'mheiskan');
INSERT INTO translation_fi VALUES ('-57','-57',20030527133611,'mheiskan');
INSERT INTO translation_fi VALUES ('-58','-58',20030527133611,'mheiskan');
INSERT INTO translation_fi VALUES ('-59','-59',20030527133611,'mheiskan');
INSERT INTO translation_fi VALUES ('-60','-60',20030527133611,'mheiskan');
INSERT INTO translation_fi VALUES ('-61','-61',20030527133611,'mheiskan');
INSERT INTO translation_fi VALUES ('-62','-62',20030527133611,'mheiskan');
INSERT INTO translation_fi VALUES ('-63','-63',20030527133611,'mheiskan');
INSERT INTO translation_fi VALUES ('-64','-64',20030527133611,'mheiskan');
INSERT INTO translation_fi VALUES ('-65','-65',20030527133611,'mheiskan');
INSERT INTO translation_fi VALUES ('-66','-66',20030527133611,'mheiskan');
INSERT INTO translation_fi VALUES ('-67','-67',20030527133611,'mheiskan');
INSERT INTO translation_fi VALUES ('-68','-68',20030527133611,'mheiskan');
INSERT INTO translation_fi VALUES ('-69','-69',20030527133611,'mheiskan');
INSERT INTO translation_fi VALUES ('-70','-70',20030527133611,'mheiskan');
INSERT INTO translation_fi VALUES ('-71','-71',20030527133611,'mheiskan');
INSERT INTO translation_fi VALUES ('-72','-72',20030527133611,'mheiskan');
INSERT INTO translation_fi VALUES ('-73','-73',20030527133611,'mheiskan');
INSERT INTO translation_fi VALUES ('-74','-74',20030527133611,'mheiskan');
INSERT INTO translation_fi VALUES ('-75','-75',20030527133611,'mheiskan');
INSERT INTO translation_fi VALUES ('-76','-76',20030527133611,'mheiskan');
INSERT INTO translation_fi VALUES ('-77','-77',20030527133611,'mheiskan');
INSERT INTO translation_fi VALUES ('-78','-78',20030527133611,'mheiskan');
INSERT INTO translation_fi VALUES ('-79','-79',20030527133611,'mheiskan');
INSERT INTO translation_fi VALUES ('-80','-80',20030527133611,'mheiskan');
INSERT INTO translation_fi VALUES ('-81','-81',20030527133611,'mheiskan');
INSERT INTO translation_fi VALUES ('-82','-82',20030527133611,'mheiskan');
INSERT INTO translation_fi VALUES ('-83','-83',20030527133611,'mheiskan');
INSERT INTO translation_fi VALUES ('-84','-84',20030527133611,'mheiskan');
INSERT INTO translation_fi VALUES ('-85','-85',20030527133611,'mheiskan');
INSERT INTO translation_fi VALUES ('-86','-86',20030527133611,'mheiskan');
INSERT INTO translation_fi VALUES ('-87','-87',20030527133611,'mheiskan');
INSERT INTO translation_fi VALUES ('-88','-88',20030527133611,'mheiskan');
INSERT INTO translation_fi VALUES ('-89','-89',20030527133611,'mheiskan');
INSERT INTO translation_fi VALUES ('-90','-90',20030527133611,'mheiskan');
INSERT INTO translation_fi VALUES ('-91','-91',20030527133611,'mheiskan');
INSERT INTO translation_fi VALUES ('-92','-92',20030527133611,'mheiskan');
INSERT INTO translation_fi VALUES ('-93','-93',20030527133611,'mheiskan');
INSERT INTO translation_fi VALUES ('-94','-94',20030527133611,'mheiskan');
INSERT INTO translation_fi VALUES ('-95','-95',20030527133611,'mheiskan');
INSERT INTO translation_fi VALUES ('-96','-96',20030527133611,'mheiskan');
INSERT INTO translation_fi VALUES ('-97','-97',20030527133611,'mheiskan');
INSERT INTO translation_fi VALUES ('-98','-98',20030527133611,'mheiskan');
INSERT INTO translation_fi VALUES ('-99','-99',20030527133611,'mheiskan');
INSERT INTO translation_fi VALUES ('-100','-100',20030527133611,'mheiskan');
INSERT INTO translation_fi VALUES ('m/s','m/s',20030527151911,'mheiskan');
INSERT INTO translation_fi VALUES ('tyyntä','tyyntä',20030527152037,'mheiskan');
INSERT INTO translation_fi VALUES ('heikkoa','heikkoa',20030527152043,'mheiskan');
INSERT INTO translation_fi VALUES ('kohtalaista','kohtalaista',20030527152049,'mheiskan');
INSERT INTO translation_fi VALUES ('navakkaa','navakkaa',20030527152055,'mheiskan');
INSERT INTO translation_fi VALUES ('kovaa','kovaa',20030527152100,'mheiskan');
INSERT INTO translation_fi VALUES ('myrskyä','myrskyä',20030527152105,'mheiskan');
INSERT INTO translation_fi VALUES ('hirmumyrskyä','hirmumyrskyä',20030527152114,'mheiskan');
INSERT INTO translation_fi VALUES ('tyyneksi','tyyneksi',20030527152120,'mheiskan');
INSERT INTO translation_fi VALUES ('heikoksi','heikoksi',20030527152125,'mheiskan');
INSERT INTO translation_fi VALUES ('kohtalaiseksi','kohtalaiseksi',20030527152132,'mheiskan');
INSERT INTO translation_fi VALUES ('navakaksi','navakaksi',20030527152137,'mheiskan');
INSERT INTO translation_fi VALUES ('kovaksi','kovaksi',20030527152142,'mheiskan');
INSERT INTO translation_fi VALUES ('myrskyksi','myrskyksi',20030527152148,'mheiskan');
INSERT INTO translation_fi VALUES ('hirmumyrskyksi','hirmumyrskyksi',20030527152157,'mheiskan');
INSERT INTO translation_fi VALUES ('tuulta','tuulta',20030527152203,'mheiskan');
INSERT INTO translation_fi VALUES ('tuuli','tuuli',20030527152221,'mheiskan');
INSERT INTO translation_fi VALUES ('yöllä','yöllä',20030527152229,'mheiskan');
INSERT INTO translation_fi VALUES ('päivällä','päivällä',20030527152236,'mheiskan');
INSERT INTO translation_fi VALUES ('tuuli tyyntyy','tuuli tyyntyy',20030527152300,'mheiskan');
INSERT INTO translation_fi VALUES ('tuuli heikkenee','tuuli heikkenee',20030527152307,'mheiskan');
INSERT INTO translation_fi VALUES ('tuuli voimistuu','tuuli voimistuu',20030527152315,'mheiskan');
INSERT INTO translation_fi VALUES ('edelleen','edelleen',20030527152320,'mheiskan');
INSERT INTO translation_fi VALUES ('heikkenevää','heikkenevää',20030527152327,'mheiskan');
INSERT INTO translation_fi VALUES ('voimistuvaa','voimistuvaa',20030527152332,'mheiskan');
INSERT INTO translation_fi VALUES ('1-tuulta','pohjoistuulta',20030530120931,'mheiskan');
INSERT INTO translation_fi VALUES ('2-tuulta','koillistuulta',20030527152444,'mheiskan');
INSERT INTO translation_fi VALUES ('3-tuulta','itätuulta',20030527152452,'mheiskan');
INSERT INTO translation_fi VALUES ('4-tuulta','kaakkoistuulta',20030527152458,'mheiskan');
INSERT INTO translation_fi VALUES ('5-tuulta','etelätuulta',20030527152505,'mheiskan');
INSERT INTO translation_fi VALUES ('6-tuulta','lounaistuulta',20030527152514,'mheiskan');
INSERT INTO translation_fi VALUES ('7-tuulta','länsituulta',20030527152521,'mheiskan');
INSERT INTO translation_fi VALUES ('8-tuulta','luoteistuulta',20030527152528,'mheiskan');
INSERT INTO translation_fi VALUES ('1-tuuleksi','pohjoistuuleksi',20030527152537,'mheiskan');
INSERT INTO translation_fi VALUES ('2-tuuleksi','koillistuuleksi',20030527152544,'mheiskan');
INSERT INTO translation_fi VALUES ('3-tuuleksi','itätuuleksi',20030527152550,'mheiskan');
INSERT INTO translation_fi VALUES ('4-tuuleksi','kaakkoistuuleksi',20030527152558,'mheiskan');
INSERT INTO translation_fi VALUES ('5-tuuleksi','etelätuuleksi',20030527152605,'mheiskan');
INSERT INTO translation_fi VALUES ('6-tuuleksi','lounaistuuleksi',20030527152613,'mheiskan');
INSERT INTO translation_fi VALUES ('7-tuuleksi','länsituuleksi',20030527152621,'mheiskan');
INSERT INTO translation_fi VALUES ('8-tuuleksi','luoteistuuleksi',20030527152629,'mheiskan');
INSERT INTO translation_fi VALUES ('1-puoleista tuulta','pohjoisen puoleista tuulta',20030527152641,'mheiskan');
INSERT INTO translation_fi VALUES ('2-puoleista tuulta','koillisen puoleista tuulta',20030527152657,'mheiskan');
INSERT INTO translation_fi VALUES ('3-puoleista tuulta','idän puoleista tuulta',20030527152706,'mheiskan');
INSERT INTO translation_fi VALUES ('4-puoleista tuulta','kaakon puoleista tuulta',20030527152715,'mheiskan');
INSERT INTO translation_fi VALUES ('5-puoleista tuulta','etelän puoleista tuulta',20030527152725,'mheiskan');
INSERT INTO translation_fi VALUES ('6-puoleista tuulta','lounaan puoleista tuulta',20030527152735,'mheiskan');
INSERT INTO translation_fi VALUES ('7-puoleista tuulta','lännen puoleista tuulta',20030527152745,'mheiskan');
INSERT INTO translation_fi VALUES ('8-puoleista tuulta','luoteen puoleista tuulta',20030527152755,'mheiskan');
INSERT INTO translation_fi VALUES ('1-puoleiseksi tuuleksi','pohjoisen puoleiseksi tuuleksi',20030527152808,'mheiskan');
INSERT INTO translation_fi VALUES ('2-puoleiseksi tuuleksi','koillisen puoleiseksi tuuleksi',20030527152819,'mheiskan');
INSERT INTO translation_fi VALUES ('3-puoleiseksi tuuleksi','idän puoleiseksi tuuleksi',20030527152830,'mheiskan');
INSERT INTO translation_fi VALUES ('4-puoleiseksi tuuleksi','kaakon puoleiseksi tuuleksi',20030527152841,'mheiskan');
INSERT INTO translation_fi VALUES ('5-puoleiseksi tuuleksi','etelän puoleiseksi tuuleksi',20030527152855,'mheiskan');
INSERT INTO translation_fi VALUES ('6-puoleiseksi tuuleksi','lounaan puoleiseksi tuuleksi',20030527152908,'mheiskan');
INSERT INTO translation_fi VALUES ('7-puoleiseksi tuuleksi','lännen puoleiseksi tuuleksi',20030527152926,'mheiskan');
INSERT INTO translation_fi VALUES ('8-puoleiseksi tuuleksi','luoteen puoleiseksi tuuleksi',20030527152937,'mheiskan');
INSERT INTO translation_fi VALUES ('enimmäkseen','enimmäkseen',20030527155749,'mheiskan');
INSERT INTO translation_fi VALUES ('selkeää','selkeää',20030527155756,'mheiskan');
INSERT INTO translation_fi VALUES ('puolipilvistä','puolipilvistä',20030527155806,'mheiskan');
INSERT INTO translation_fi VALUES ('pilvistä','pilvistä',20030527155812,'mheiskan');
INSERT INTO translation_fi VALUES ('sääennuste','sääennuste',20030604064023,'mheiskan');
INSERT INTO translation_fi VALUES ('poutaa','poutaa',20030527155853,'mheiskan');
INSERT INTO translation_fi VALUES ('sadetta','sadetta',20030527155901,'mheiskan');
INSERT INTO translation_fi VALUES ('räntäsadetta','räntäsadetta',20030527155910,'mheiskan');
INSERT INTO translation_fi VALUES ('lumisadetta','lumisadetta',20030527155916,'mheiskan');
INSERT INTO translation_fi VALUES ('vesisadetta','vesisadetta',20030527155930,'mheiskan');
INSERT INTO translation_fi VALUES ('lumi-','lumi-',20030527155937,'mheiskan');
INSERT INTO translation_fi VALUES ('vesi-','vesi-',20030527155943,'mheiskan');
INSERT INTO translation_fi VALUES ('räntä-','räntä-',20030527155949,'mheiskan');
INSERT INTO translation_fi VALUES ('tai','tai',20030527155953,'mheiskan');
INSERT INTO translation_fi VALUES ('ajoittain sateista','ajoittain sateista',20030527160001,'mheiskan');
INSERT INTO translation_fi VALUES ('sää on epävakaista','sää on epävakaista',20030527160011,'mheiskan');
INSERT INTO translation_fi VALUES ('selkenevää','selkenevää',20030527160017,'mheiskan');
INSERT INTO translation_fi VALUES ('pilvistyvää','pilvistyvää',20030527160024,'mheiskan');
INSERT INTO translation_fi VALUES ('ajoittain lumisadetta','ajoittain lumisadetta',20030527161826,'mheiskan');
INSERT INTO translation_fi VALUES ('ajoittain sadetta','ajoittain sadetta',20030527161834,'mheiskan');
INSERT INTO translation_fi VALUES ('heikkoa sadetta','heikkoa sadetta',20030527161842,'mheiskan');
INSERT INTO translation_fi VALUES ('lumikuuroja','lumikuuroja',20030527161849,'mheiskan');
INSERT INTO translation_fi VALUES ('melko selkeää','melko selkeää',20030527161856,'mheiskan');
INSERT INTO translation_fi VALUES ('runsasta sadetta','runsasta sadetta',20030527161930,'mheiskan');
INSERT INTO translation_fi VALUES ('sakeaa lumisadetta','sakeaa lumisadetta',20030527161954,'mheiskan');
INSERT INTO translation_fi VALUES ('sakeita lumikuuroja','sakeita lumikuuroja',20030527162011,'mheiskan');
INSERT INTO translation_fi VALUES ('vaihtelevaa pilvisyyttä','vaihtelevaa pilvisyyttä',20030527162032,'mheiskan');
INSERT INTO translation_fi VALUES ('voimakkaita kuuroja','voimakkaita kuuroja',20030527162041,'mheiskan');
INSERT INTO translation_fi VALUES ('vähäisiä kuuroja','vähäisiä kuuroja',20030527162050,'mheiskan');
INSERT INTO translation_fi VALUES ('vähäistä lumisadetta','vähäistä lumisadetta',20030527162100,'mheiskan');
INSERT INTO translation_fi VALUES ('mahdollisesti ukkosta','mahdollisesti ukkosta',20030527162109,'mheiskan');
INSERT INTO translation_fi VALUES ('ajoittain ukkosta','ajoittain ukkosta',20030527162117,'mheiskan');
INSERT INTO translation_fi VALUES ('viiva','viiva',20030527162212,'mheiskan');
INSERT INTO translation_fi VALUES ('miinus','miinus',20030527162216,'mheiskan');
INSERT INTO translation_fi VALUES ('päivien ylin lämpötila','päivien ylin lämpötila',20030528083806,'mheiskan');
INSERT INTO translation_fi VALUES ('kello','kello',20030604064028,'mheiskan');
INSERT INTO translation_fi VALUES ('o\'clock','',20030604064034,'mheiskan');
INSERT INTO translation_fi VALUES ('aland:lle','Ahvenanmaalle',20030604064853,'mheiskan');
INSERT INTO translation_fi VALUES ('etela-karjala:lle','Etelä-Karjalaan',20030604064903,'mheiskan');
INSERT INTO translation_fi VALUES ('etela-pohjanmaa:lle','Etelä-Pohjanmaalle',20030604064914,'mheiskan');
INSERT INTO translation_fi VALUES ('etela-savo:lle','Etelä-Savoon',20030604064925,'mheiskan');
INSERT INTO translation_fi VALUES ('hame:lle','Hämeeseen',20030604064934,'mheiskan');
INSERT INTO translation_fi VALUES ('kainuu:lle','Kainuuseen',20030604064941,'mheiskan');
INSERT INTO translation_fi VALUES ('keski-pohjanmaa:lle','Keski-Pohjanmaalle',20030604064952,'mheiskan');
INSERT INTO translation_fi VALUES ('keski-suomi:lle','Keski-Suomeen',20030604065003,'mheiskan');
INSERT INTO translation_fi VALUES ('koillismaa:lle','Koillismaalle',20030604065014,'mheiskan');
INSERT INTO translation_fi VALUES ('kymenlaakso:lle','Kymenlaaksoon',20030604065023,'mheiskan');
INSERT INTO translation_fi VALUES ('lansi-lappi:lle','Länsi-Lappiin',20030604065034,'mheiskan');
INSERT INTO translation_fi VALUES ('nyland:lle','Uudellemaalle',20030604065043,'mheiskan');
INSERT INTO translation_fi VALUES ('osterbotten:lle','Pohjanmaalle',20030604065051,'mheiskan');
INSERT INTO translation_fi VALUES ('paijat-hame:lle','Päijät-Hämeeseen',20030604065101,'mheiskan');
INSERT INTO translation_fi VALUES ('pirkanmaa:lle','Pirkanmaalle',20030604065109,'mheiskan');
INSERT INTO translation_fi VALUES ('pohjois-karjala:lle','Pohjois-Karjalaan',20030604065121,'mheiskan');
INSERT INTO translation_fi VALUES ('pohjois-lappi:lle','Pohjois-Lappiin',20030604065131,'mheiskan');
INSERT INTO translation_fi VALUES ('pohjois-pohjanmaa:lle','Pohjois-Pohjanmaalle',20030604065144,'mheiskan');
INSERT INTO translation_fi VALUES ('pohjois-savo:lle','Pohjois-Savoon',20030604065154,'mheiskan');
INSERT INTO translation_fi VALUES ('satakunta:lle','Satakuntaan',20030604065201,'mheiskan');
INSERT INTO translation_fi VALUES ('uusimaa:lle','Uudellemaalle',20030604065336,'mheiskan');
INSERT INTO translation_fi VALUES ('varsinais-suomi:lle','Varsinais-Suomeen',20030604065218,'mheiskan');
INSERT INTO translation_fi VALUES ('huomattavasti suurempi','huomattavasti suurempi',20030604075444,'mheiskan');
INSERT INTO translation_fi VALUES ('huomattavasti pienempi','huomattavasti pienempi',20030604075651,'mheiskan');
INSERT INTO translation_fi VALUES ('rannikolla','rannikolla',20030605180424,'mheiskan');

--
-- Table structure for table 'translation_sv'
--

CREATE TABLE translation_sv (
  keyword varchar(32) NOT NULL default '',
  translation varchar(255) NOT NULL default '',
  modtime timestamp(14) NOT NULL,
  user varchar(32) default '',
  PRIMARY KEY  (keyword)
) TYPE=MyISAM;

--
-- Dumping data for table 'translation_sv'
--

INSERT INTO translation_sv VALUES ('huomattavasti suurempi','betydligt större',20030604080038,'mheiskan');
INSERT INTO translation_sv VALUES ('etelä','syd',20030425093707,'mheiskan');
INSERT INTO translation_sv VALUES ('lounas','sydväst',20030425093717,'mheiskan');
INSERT INTO translation_sv VALUES ('länsi','väst',20030425093723,'mheiskan');
INSERT INTO translation_sv VALUES ('lämpötila','temperatur',20030425093755,'mheiskan');
INSERT INTO translation_sv VALUES ('ma','mån',20030425093924,'mheiskan');
INSERT INTO translation_sv VALUES ('ti','tis',20030425093920,'mheiskan');
INSERT INTO translation_sv VALUES ('ke','ons',20030425093935,'mheiskan');
INSERT INTO translation_sv VALUES ('to','tor',20030425093942,'mheiskan');
INSERT INTO translation_sv VALUES ('pe','fre',20030425093950,'mheiskan');
INSERT INTO translation_sv VALUES ('la','lör',20030425093958,'mheiskan');
INSERT INTO translation_sv VALUES ('su','sön',20030425094007,'mheiskan');
INSERT INTO translation_sv VALUES ('luode','nordväst',20030425102506,'mheiskan');
INSERT INTO translation_sv VALUES ('huomattavasti lämpimämpi','betydligt varmare',20030525185952,'mheiskan');
INSERT INTO translation_sv VALUES ('lämpimämpi','varmare',20030525185939,'mheiskan');
INSERT INTO translation_sv VALUES ('seuraava yö','följande natt',20030525190121,'mheiskan');
INSERT INTO translation_sv VALUES ('seuraavana yönä','följande natt',20030525185634,'mheiskan');
INSERT INTO translation_sv VALUES ('on','är',20030525185521,'mheiskan');
INSERT INTO translation_sv VALUES ('ankaran hallan todennäköisyys','sannolikheten för stark nattfrost',20030525185422,'mheiskan');
INSERT INTO translation_sv VALUES ('hallan todennäköisyys','sannolikheten för nattfrost',20030525185132,'mheiskan');
INSERT INTO translation_sv VALUES ('7-vastaisena yönä','natten mot söndag',20030525183532,'mheiskan');
INSERT INTO translation_sv VALUES ('6-vastaisena yönä','natten mot lördag',20030525183521,'mheiskan');
INSERT INTO translation_sv VALUES ('5-vastaisena yönä','natten mot fredag',20030525183509,'mheiskan');
INSERT INTO translation_sv VALUES ('4-vastaisena yönä','natten mot torsdag',20030525183501,'mheiskan');
INSERT INTO translation_sv VALUES ('3-vastaisena yönä','natten mot onsdag',20030525183452,'mheiskan');
INSERT INTO translation_sv VALUES ('2-vastaisena yönä','natten mot tisdag',20030525183442,'mheiskan');
INSERT INTO translation_sv VALUES ('1-vastaisena yönä','natten mot måndag',20030525183426,'mheiskan');
INSERT INTO translation_sv VALUES ('sama','densamma',20030525142110,'mheiskan');
INSERT INTO translation_sv VALUES ('hieman pienempi','något mindre',20030525142104,'mheiskan');
INSERT INTO translation_sv VALUES ('hieman suurempi','något större',20030525142054,'mheiskan');
INSERT INTO translation_sv VALUES ('pienempi','mindre',20030525142042,'mheiskan');
INSERT INTO translation_sv VALUES ('suurempi','större',20030525142034,'mheiskan');
INSERT INTO translation_sv VALUES ('alin suhteellinen kosteus','den lägsta relativa fuktigheten',20030525185320,'mheiskan');
INSERT INTO translation_sv VALUES ('7-na','på söndag',20030525141750,'mheiskan');
INSERT INTO translation_sv VALUES ('6-na','på lördag',20030525141743,'mheiskan');
INSERT INTO translation_sv VALUES ('5-na','på fredag',20030525141734,'mheiskan');
INSERT INTO translation_sv VALUES ('4-na','på torsdag',20030525141726,'mheiskan');
INSERT INTO translation_sv VALUES ('3-na','på onsdag',20030525141717,'mheiskan');
INSERT INTO translation_sv VALUES ('2-na','på tisdag',20030525141712,'mheiskan');
INSERT INTO translation_sv VALUES ('1-na','på måndag',20030525141702,'mheiskan');
INSERT INTO translation_sv VALUES ('itä','ost',20030523163138,'mheiskan');
INSERT INTO translation_sv VALUES ('7-illasta','från söndag kväll',20030512123219,'mheiskan');
INSERT INTO translation_sv VALUES ('1-illasta','från måndag kväll',20030512090759,'mheiskan');
INSERT INTO translation_sv VALUES ('2-illasta','från tisdag kväll',20030512090809,'mheiskan');
INSERT INTO translation_sv VALUES ('3-illasta','från onsdag kväll',20030512090835,'mheiskan');
INSERT INTO translation_sv VALUES ('4-illasta','från torsdag kväll',20030512090844,'mheiskan');
INSERT INTO translation_sv VALUES ('5-illasta','från fredag kväll',20030512090852,'mheiskan');
INSERT INTO translation_sv VALUES ('6-illasta','från lördag kväll',20030512090902,'mheiskan');
INSERT INTO translation_sv VALUES ('7-aamuun','till söndag morgon',20030512123215,'mheiskan');
INSERT INTO translation_sv VALUES ('1-aamuun','till måndag morgon',20030512091254,'mheiskan');
INSERT INTO translation_sv VALUES ('2-aamuun','till tisdag morgon',20030512091302,'mheiskan');
INSERT INTO translation_sv VALUES ('3-aamuun','till onsdag morgon',20030512091310,'mheiskan');
INSERT INTO translation_sv VALUES ('4-aamuun','till torsdag morgon',20030512091318,'mheiskan');
INSERT INTO translation_sv VALUES ('5-aamuun','till fredag morgon',20030512091327,'mheiskan');
INSERT INTO translation_sv VALUES ('monin paikoin enemmän','på många håll mera',20030523084556,'mheiskan');
INSERT INTO translation_sv VALUES ('paikoin enemmän','lokalt mera',20030523084541,'mheiskan');
INSERT INTO translation_sv VALUES ('monin paikoin','på många håll',20030523084527,'mheiskan');
INSERT INTO translation_sv VALUES ('paikoin','lokalt',20030523084518,'mheiskan');
INSERT INTO translation_sv VALUES ('odotettavissa','utsikter',20030513092904,'mheiskan');
INSERT INTO translation_sv VALUES ('keskilämpötila','medeltemperaturen',20030516130805,'mheiskan');
INSERT INTO translation_sv VALUES ('keskimääräinen ylin lämpötila','den högsta temperaturen i medeltal',20030516130822,'mheiskan');
INSERT INTO translation_sv VALUES ('keskimääräinen alin lämpötila','den lägsta temperaturen i medeltal',20030516130842,'mheiskan');
INSERT INTO translation_sv VALUES ('sadesumma','nederbördsumman',20030516130852,'mheiskan');
INSERT INTO translation_sv VALUES ('astetta','grader',20030516130900,'mheiskan');
INSERT INTO translation_sv VALUES ('millimetriä','millimeter',20030516134954,'mheiskan');
INSERT INTO translation_sv VALUES ('1-aamusta','från måndag morgon',20030519080542,'mheiskan');
INSERT INTO translation_sv VALUES ('2-aamusta','från tisdag morgon',20030519080550,'mheiskan');
INSERT INTO translation_sv VALUES ('3-aamusta','från onsdag morgon',20030519080558,'mheiskan');
INSERT INTO translation_sv VALUES ('4-aamusta','från torsdag morgon',20030519080607,'mheiskan');
INSERT INTO translation_sv VALUES ('5-aamusta','från fredag morgon',20030519080615,'mheiskan');
INSERT INTO translation_sv VALUES ('6-aamusta','från lördag morgon',20030519080622,'mheiskan');
INSERT INTO translation_sv VALUES ('7-aamusta','från söndag morgon',20030519080633,'mheiskan');
INSERT INTO translation_sv VALUES ('alkavan','',20030522133418,'mheiskan');
INSERT INTO translation_sv VALUES ('pohjoinen','nord',20030522125705,'mheiskan');
INSERT INTO translation_sv VALUES ('2-vuorokauden sää','för de följande två dygnen',20030520101007,'mheiskan');
INSERT INTO translation_sv VALUES ('3-vuorokauden sää','för de följande tre dygnen',20030520101018,'mheiskan');
INSERT INTO translation_sv VALUES ('4-vuorokauden sää','för de följande fyra dygnen',20030520101031,'mheiskan');
INSERT INTO translation_sv VALUES ('5-vuorokauden sää','för de följande fem dygnen',20030520101041,'mheiskan');
INSERT INTO translation_sv VALUES ('6-vuorokauden sää','för de följande sex dygnen',20030520101051,'mheiskan');
INSERT INTO translation_sv VALUES ('7-vuorokauden sää','för de följande sju dygnen',20030520101101,'mheiskan');
INSERT INTO translation_sv VALUES ('8-vuorokauden sää','för de följande åtta dygnen',20030520101113,'mheiskan');
INSERT INTO translation_sv VALUES ('9-vuorokauden sää','för de följande nio dygnen',20030520101124,'mheiskan');
INSERT INTO translation_sv VALUES ('10-vuorokauden sää','för de följande tio dygnen',20030520101134,'mheiskan');
INSERT INTO translation_sv VALUES ('yli','över',20030522091054,'mheiskan');
INSERT INTO translation_sv VALUES ('1-iltaan','till måndag kväll',20030522122154,'mheiskan');
INSERT INTO translation_sv VALUES ('2-iltaan','till tisdag kväll',20030522122202,'mheiskan');
INSERT INTO translation_sv VALUES ('3-iltaan','till onsdag kväll',20030522122210,'mheiskan');
INSERT INTO translation_sv VALUES ('4-iltaan','till torsdag kväll',20030522122238,'mheiskan');
INSERT INTO translation_sv VALUES ('5-iltaan','till fredag kväll',20030522122244,'mheiskan');
INSERT INTO translation_sv VALUES ('6-iltaan','till lördag kväll',20030522122254,'mheiskan');
INSERT INTO translation_sv VALUES ('7-iltaan','till söndag kväll',20030522122304,'mheiskan');
INSERT INTO translation_sv VALUES ('6-aamuun','till lördag morgon',20030522122612,'mheiskan');
INSERT INTO translation_sv VALUES ('asti','',20030522124918,'mheiskan');
INSERT INTO translation_sv VALUES ('huomattavasti korkeampi','betydligt högre',20030605131531,'mheiskan');
INSERT INTO translation_sv VALUES ('korkeampi','högre',20030605131521,'mheiskan');
INSERT INTO translation_sv VALUES ('hieman korkeampi','något högre',20030605131550,'mheiskan');
INSERT INTO translation_sv VALUES ('suunnilleen sama','ungefär densamma',20030526140631,'mheiskan');
INSERT INTO translation_sv VALUES ('hieman alempi','något lägre',20030605131557,'mheiskan');
INSERT INTO translation_sv VALUES ('alempi','lägre',20030605131608,'mheiskan');
INSERT INTO translation_sv VALUES ('huomattavasti alempi','betydligt lägre',20030605131542,'mheiskan');
INSERT INTO translation_sv VALUES ('päivän ylin lämpötila','dagens högsta temperatur',20030526140717,'mheiskan');
INSERT INTO translation_sv VALUES ('yön alin lämpötila','nattens lägsta temperatur',20030526140732,'mheiskan');
INSERT INTO translation_sv VALUES ('noin','cirka',20030526140819,'mheiskan');
INSERT INTO translation_sv VALUES ('seuraavana päivänä','på följande dag',20030526140850,'mheiskan');
INSERT INTO translation_sv VALUES ('päivien ylin lämpötila','dagstemperaturerna',20030527112302,'mheiskan');
INSERT INTO translation_sv VALUES ('öiden alin lämpötila','natttemperaturerna',20030527112313,'mheiskan');
INSERT INTO translation_sv VALUES ('aluksi','i början',20030527112321,'mheiskan');
INSERT INTO translation_sv VALUES ('lopuksi','i slutet',20030527112326,'mheiskan');
INSERT INTO translation_sv VALUES ('päivälämpötila','dagstemperaturen',20030527112401,'mheiskan');
INSERT INTO translation_sv VALUES ('yölämpötila','natttemperaturen',20030527112410,'mheiskan');
INSERT INTO translation_sv VALUES ('100','100',20030527133654,'mheiskan');
INSERT INTO translation_sv VALUES ('99','99',20030527133654,'mheiskan');
INSERT INTO translation_sv VALUES ('98','98',20030527133654,'mheiskan');
INSERT INTO translation_sv VALUES ('97','97',20030527133654,'mheiskan');
INSERT INTO translation_sv VALUES ('96','96',20030527133654,'mheiskan');
INSERT INTO translation_sv VALUES ('95','95',20030527133654,'mheiskan');
INSERT INTO translation_sv VALUES ('94','94',20030527133654,'mheiskan');
INSERT INTO translation_sv VALUES ('93','93',20030527133654,'mheiskan');
INSERT INTO translation_sv VALUES ('92','92',20030527133654,'mheiskan');
INSERT INTO translation_sv VALUES ('91','91',20030527133654,'mheiskan');
INSERT INTO translation_sv VALUES ('90','90',20030527133654,'mheiskan');
INSERT INTO translation_sv VALUES ('89','89',20030527133654,'mheiskan');
INSERT INTO translation_sv VALUES ('88','88',20030527133654,'mheiskan');
INSERT INTO translation_sv VALUES ('87','87',20030527133654,'mheiskan');
INSERT INTO translation_sv VALUES ('86','86',20030527133654,'mheiskan');
INSERT INTO translation_sv VALUES ('85','85',20030527133654,'mheiskan');
INSERT INTO translation_sv VALUES ('84','84',20030527133654,'mheiskan');
INSERT INTO translation_sv VALUES ('83','83',20030527133654,'mheiskan');
INSERT INTO translation_sv VALUES ('82','82',20030527133654,'mheiskan');
INSERT INTO translation_sv VALUES ('81','81',20030527133654,'mheiskan');
INSERT INTO translation_sv VALUES ('80','80',20030527133654,'mheiskan');
INSERT INTO translation_sv VALUES ('79','79',20030527133654,'mheiskan');
INSERT INTO translation_sv VALUES ('78','78',20030527133654,'mheiskan');
INSERT INTO translation_sv VALUES ('77','77',20030527133654,'mheiskan');
INSERT INTO translation_sv VALUES ('76','76',20030527133654,'mheiskan');
INSERT INTO translation_sv VALUES ('75','75',20030527133654,'mheiskan');
INSERT INTO translation_sv VALUES ('74','74',20030527133654,'mheiskan');
INSERT INTO translation_sv VALUES ('73','73',20030527133654,'mheiskan');
INSERT INTO translation_sv VALUES ('72','72',20030527133654,'mheiskan');
INSERT INTO translation_sv VALUES ('71','71',20030527133654,'mheiskan');
INSERT INTO translation_sv VALUES ('70','70',20030527133654,'mheiskan');
INSERT INTO translation_sv VALUES ('69','69',20030527133654,'mheiskan');
INSERT INTO translation_sv VALUES ('68','68',20030527133654,'mheiskan');
INSERT INTO translation_sv VALUES ('67','67',20030527133654,'mheiskan');
INSERT INTO translation_sv VALUES ('66','66',20030527133654,'mheiskan');
INSERT INTO translation_sv VALUES ('65','65',20030527133654,'mheiskan');
INSERT INTO translation_sv VALUES ('64','64',20030527133654,'mheiskan');
INSERT INTO translation_sv VALUES ('63','63',20030527133654,'mheiskan');
INSERT INTO translation_sv VALUES ('62','62',20030527133654,'mheiskan');
INSERT INTO translation_sv VALUES ('61','61',20030527133654,'mheiskan');
INSERT INTO translation_sv VALUES ('60','60',20030527133654,'mheiskan');
INSERT INTO translation_sv VALUES ('59','59',20030527133654,'mheiskan');
INSERT INTO translation_sv VALUES ('58','58',20030527133654,'mheiskan');
INSERT INTO translation_sv VALUES ('57','57',20030527133654,'mheiskan');
INSERT INTO translation_sv VALUES ('56','56',20030527133654,'mheiskan');
INSERT INTO translation_sv VALUES ('55','55',20030527133654,'mheiskan');
INSERT INTO translation_sv VALUES ('54','54',20030527133654,'mheiskan');
INSERT INTO translation_sv VALUES ('53','53',20030527133654,'mheiskan');
INSERT INTO translation_sv VALUES ('52','52',20030527133654,'mheiskan');
INSERT INTO translation_sv VALUES ('51','51',20030527133654,'mheiskan');
INSERT INTO translation_sv VALUES ('50','50',20030527133654,'mheiskan');
INSERT INTO translation_sv VALUES ('49','49',20030527133654,'mheiskan');
INSERT INTO translation_sv VALUES ('48','48',20030527133654,'mheiskan');
INSERT INTO translation_sv VALUES ('47','47',20030527133654,'mheiskan');
INSERT INTO translation_sv VALUES ('46','46',20030527133654,'mheiskan');
INSERT INTO translation_sv VALUES ('45','45',20030527133654,'mheiskan');
INSERT INTO translation_sv VALUES ('44','44',20030527133654,'mheiskan');
INSERT INTO translation_sv VALUES ('43','43',20030527133654,'mheiskan');
INSERT INTO translation_sv VALUES ('42','42',20030527133654,'mheiskan');
INSERT INTO translation_sv VALUES ('41','41',20030527133654,'mheiskan');
INSERT INTO translation_sv VALUES ('40','40',20030527133654,'mheiskan');
INSERT INTO translation_sv VALUES ('39','39',20030527133654,'mheiskan');
INSERT INTO translation_sv VALUES ('38','38',20030527133654,'mheiskan');
INSERT INTO translation_sv VALUES ('37','37',20030527133654,'mheiskan');
INSERT INTO translation_sv VALUES ('36','36',20030527133654,'mheiskan');
INSERT INTO translation_sv VALUES ('35','35',20030527133654,'mheiskan');
INSERT INTO translation_sv VALUES ('34','34',20030527133654,'mheiskan');
INSERT INTO translation_sv VALUES ('33','33',20030527133654,'mheiskan');
INSERT INTO translation_sv VALUES ('32','32',20030527133654,'mheiskan');
INSERT INTO translation_sv VALUES ('31','31',20030527133654,'mheiskan');
INSERT INTO translation_sv VALUES ('30','30',20030527133654,'mheiskan');
INSERT INTO translation_sv VALUES ('29','29',20030527133654,'mheiskan');
INSERT INTO translation_sv VALUES ('28','28',20030527133654,'mheiskan');
INSERT INTO translation_sv VALUES ('27','27',20030527133654,'mheiskan');
INSERT INTO translation_sv VALUES ('26','26',20030527133654,'mheiskan');
INSERT INTO translation_sv VALUES ('25','25',20030527133654,'mheiskan');
INSERT INTO translation_sv VALUES ('24','24',20030527133654,'mheiskan');
INSERT INTO translation_sv VALUES ('23','23',20030527133654,'mheiskan');
INSERT INTO translation_sv VALUES ('22','22',20030527133654,'mheiskan');
INSERT INTO translation_sv VALUES ('21','21',20030527133654,'mheiskan');
INSERT INTO translation_sv VALUES ('20','20',20030527133654,'mheiskan');
INSERT INTO translation_sv VALUES ('19','19',20030527133654,'mheiskan');
INSERT INTO translation_sv VALUES ('18','18',20030527133654,'mheiskan');
INSERT INTO translation_sv VALUES ('17','17',20030527133654,'mheiskan');
INSERT INTO translation_sv VALUES ('16','16',20030527133654,'mheiskan');
INSERT INTO translation_sv VALUES ('15','15',20030527133654,'mheiskan');
INSERT INTO translation_sv VALUES ('14','14',20030527133654,'mheiskan');
INSERT INTO translation_sv VALUES ('13','13',20030527133654,'mheiskan');
INSERT INTO translation_sv VALUES ('12','12',20030527133654,'mheiskan');
INSERT INTO translation_sv VALUES ('11','11',20030527133654,'mheiskan');
INSERT INTO translation_sv VALUES ('10','10',20030527133654,'mheiskan');
INSERT INTO translation_sv VALUES ('9','9',20030527133654,'mheiskan');
INSERT INTO translation_sv VALUES ('8','8',20030527133654,'mheiskan');
INSERT INTO translation_sv VALUES ('7','7',20030527133654,'mheiskan');
INSERT INTO translation_sv VALUES ('6','6',20030527133654,'mheiskan');
INSERT INTO translation_sv VALUES ('5','5',20030527133654,'mheiskan');
INSERT INTO translation_sv VALUES ('4','4',20030527133654,'mheiskan');
INSERT INTO translation_sv VALUES ('3','3',20030527133654,'mheiskan');
INSERT INTO translation_sv VALUES ('2','2',20030527133654,'mheiskan');
INSERT INTO translation_sv VALUES ('1','1',20030527133654,'mheiskan');
INSERT INTO translation_sv VALUES ('0','0',20030527133654,'mheiskan');
INSERT INTO translation_sv VALUES ('-1','-1',20030527133654,'mheiskan');
INSERT INTO translation_sv VALUES ('-2','-2',20030527133654,'mheiskan');
INSERT INTO translation_sv VALUES ('-3','-3',20030527133654,'mheiskan');
INSERT INTO translation_sv VALUES ('-4','-4',20030527133654,'mheiskan');
INSERT INTO translation_sv VALUES ('-5','-5',20030527133654,'mheiskan');
INSERT INTO translation_sv VALUES ('-6','-6',20030527133654,'mheiskan');
INSERT INTO translation_sv VALUES ('-7','-7',20030527133654,'mheiskan');
INSERT INTO translation_sv VALUES ('-8','-8',20030527133654,'mheiskan');
INSERT INTO translation_sv VALUES ('-9','-9',20030527133654,'mheiskan');
INSERT INTO translation_sv VALUES ('-10','-10',20030527133654,'mheiskan');
INSERT INTO translation_sv VALUES ('-11','-11',20030527133654,'mheiskan');
INSERT INTO translation_sv VALUES ('-12','-12',20030527133654,'mheiskan');
INSERT INTO translation_sv VALUES ('-13','-13',20030527133654,'mheiskan');
INSERT INTO translation_sv VALUES ('-14','-14',20030527133654,'mheiskan');
INSERT INTO translation_sv VALUES ('-15','-15',20030527133654,'mheiskan');
INSERT INTO translation_sv VALUES ('-16','-16',20030527133654,'mheiskan');
INSERT INTO translation_sv VALUES ('-17','-17',20030527133654,'mheiskan');
INSERT INTO translation_sv VALUES ('-18','-18',20030527133654,'mheiskan');
INSERT INTO translation_sv VALUES ('-19','-19',20030527133654,'mheiskan');
INSERT INTO translation_sv VALUES ('-20','-20',20030527133654,'mheiskan');
INSERT INTO translation_sv VALUES ('-21','-21',20030527133654,'mheiskan');
INSERT INTO translation_sv VALUES ('-22','-22',20030527133654,'mheiskan');
INSERT INTO translation_sv VALUES ('-23','-23',20030527133654,'mheiskan');
INSERT INTO translation_sv VALUES ('-24','-24',20030527133654,'mheiskan');
INSERT INTO translation_sv VALUES ('-25','-25',20030527133654,'mheiskan');
INSERT INTO translation_sv VALUES ('-26','-26',20030527133654,'mheiskan');
INSERT INTO translation_sv VALUES ('-27','-27',20030527133654,'mheiskan');
INSERT INTO translation_sv VALUES ('-28','-28',20030527133654,'mheiskan');
INSERT INTO translation_sv VALUES ('-29','-29',20030527133654,'mheiskan');
INSERT INTO translation_sv VALUES ('-30','-30',20030527133654,'mheiskan');
INSERT INTO translation_sv VALUES ('-31','-31',20030527133654,'mheiskan');
INSERT INTO translation_sv VALUES ('-32','-32',20030527133654,'mheiskan');
INSERT INTO translation_sv VALUES ('-33','-33',20030527133654,'mheiskan');
INSERT INTO translation_sv VALUES ('-34','-34',20030527133654,'mheiskan');
INSERT INTO translation_sv VALUES ('-35','-35',20030527133654,'mheiskan');
INSERT INTO translation_sv VALUES ('-36','-36',20030527133654,'mheiskan');
INSERT INTO translation_sv VALUES ('-37','-37',20030527133654,'mheiskan');
INSERT INTO translation_sv VALUES ('-38','-38',20030527133654,'mheiskan');
INSERT INTO translation_sv VALUES ('-39','-39',20030527133654,'mheiskan');
INSERT INTO translation_sv VALUES ('-40','-40',20030527133654,'mheiskan');
INSERT INTO translation_sv VALUES ('-41','-41',20030527133654,'mheiskan');
INSERT INTO translation_sv VALUES ('-42','-42',20030527133654,'mheiskan');
INSERT INTO translation_sv VALUES ('-43','-43',20030527133654,'mheiskan');
INSERT INTO translation_sv VALUES ('-44','-44',20030527133654,'mheiskan');
INSERT INTO translation_sv VALUES ('-45','-45',20030527133654,'mheiskan');
INSERT INTO translation_sv VALUES ('-46','-46',20030527133654,'mheiskan');
INSERT INTO translation_sv VALUES ('-47','-47',20030527133654,'mheiskan');
INSERT INTO translation_sv VALUES ('-48','-48',20030527133654,'mheiskan');
INSERT INTO translation_sv VALUES ('-49','-49',20030527133654,'mheiskan');
INSERT INTO translation_sv VALUES ('-50','-50',20030527133654,'mheiskan');
INSERT INTO translation_sv VALUES ('-51','-51',20030527133654,'mheiskan');
INSERT INTO translation_sv VALUES ('-52','-52',20030527133654,'mheiskan');
INSERT INTO translation_sv VALUES ('-53','-53',20030527133654,'mheiskan');
INSERT INTO translation_sv VALUES ('-54','-54',20030527133654,'mheiskan');
INSERT INTO translation_sv VALUES ('-55','-55',20030527133654,'mheiskan');
INSERT INTO translation_sv VALUES ('-56','-56',20030527133654,'mheiskan');
INSERT INTO translation_sv VALUES ('-57','-57',20030527133654,'mheiskan');
INSERT INTO translation_sv VALUES ('-58','-58',20030527133654,'mheiskan');
INSERT INTO translation_sv VALUES ('-59','-59',20030527133654,'mheiskan');
INSERT INTO translation_sv VALUES ('-60','-60',20030527133654,'mheiskan');
INSERT INTO translation_sv VALUES ('-61','-61',20030527133654,'mheiskan');
INSERT INTO translation_sv VALUES ('-62','-62',20030527133654,'mheiskan');
INSERT INTO translation_sv VALUES ('-63','-63',20030527133654,'mheiskan');
INSERT INTO translation_sv VALUES ('-64','-64',20030527133654,'mheiskan');
INSERT INTO translation_sv VALUES ('-65','-65',20030527133654,'mheiskan');
INSERT INTO translation_sv VALUES ('-66','-66',20030527133654,'mheiskan');
INSERT INTO translation_sv VALUES ('-67','-67',20030527133654,'mheiskan');
INSERT INTO translation_sv VALUES ('-68','-68',20030527133654,'mheiskan');
INSERT INTO translation_sv VALUES ('-69','-69',20030527133654,'mheiskan');
INSERT INTO translation_sv VALUES ('-70','-70',20030527133654,'mheiskan');
INSERT INTO translation_sv VALUES ('-71','-71',20030527133654,'mheiskan');
INSERT INTO translation_sv VALUES ('-72','-72',20030527133654,'mheiskan');
INSERT INTO translation_sv VALUES ('-73','-73',20030527133654,'mheiskan');
INSERT INTO translation_sv VALUES ('-74','-74',20030527133654,'mheiskan');
INSERT INTO translation_sv VALUES ('-75','-75',20030527133654,'mheiskan');
INSERT INTO translation_sv VALUES ('-76','-76',20030527133654,'mheiskan');
INSERT INTO translation_sv VALUES ('-77','-77',20030527133654,'mheiskan');
INSERT INTO translation_sv VALUES ('-78','-78',20030527133654,'mheiskan');
INSERT INTO translation_sv VALUES ('-79','-79',20030527133654,'mheiskan');
INSERT INTO translation_sv VALUES ('-80','-80',20030527133654,'mheiskan');
INSERT INTO translation_sv VALUES ('-81','-81',20030527133654,'mheiskan');
INSERT INTO translation_sv VALUES ('-82','-82',20030527133654,'mheiskan');
INSERT INTO translation_sv VALUES ('-83','-83',20030527133654,'mheiskan');
INSERT INTO translation_sv VALUES ('-84','-84',20030527133654,'mheiskan');
INSERT INTO translation_sv VALUES ('-85','-85',20030527133654,'mheiskan');
INSERT INTO translation_sv VALUES ('-86','-86',20030527133654,'mheiskan');
INSERT INTO translation_sv VALUES ('-87','-87',20030527133654,'mheiskan');
INSERT INTO translation_sv VALUES ('-88','-88',20030527133654,'mheiskan');
INSERT INTO translation_sv VALUES ('-89','-89',20030527133654,'mheiskan');
INSERT INTO translation_sv VALUES ('-90','-90',20030527133654,'mheiskan');
INSERT INTO translation_sv VALUES ('-91','-91',20030527133654,'mheiskan');
INSERT INTO translation_sv VALUES ('-92','-92',20030527133654,'mheiskan');
INSERT INTO translation_sv VALUES ('-93','-93',20030527133654,'mheiskan');
INSERT INTO translation_sv VALUES ('-94','-94',20030527133654,'mheiskan');
INSERT INTO translation_sv VALUES ('-95','-95',20030527133654,'mheiskan');
INSERT INTO translation_sv VALUES ('-96','-96',20030527133654,'mheiskan');
INSERT INTO translation_sv VALUES ('-97','-97',20030527133654,'mheiskan');
INSERT INTO translation_sv VALUES ('-98','-98',20030527133654,'mheiskan');
INSERT INTO translation_sv VALUES ('-99','-99',20030527133654,'mheiskan');
INSERT INTO translation_sv VALUES ('-100','-100',20030527133654,'mheiskan');
INSERT INTO translation_sv VALUES ('m/s','m/s',20030527151922,'mheiskan');
INSERT INTO translation_sv VALUES ('tyyntä','vindstilla',20030530120626,'mheiskan');
INSERT INTO translation_sv VALUES ('heikkoa','svag',20030530074033,'mheiskan');
INSERT INTO translation_sv VALUES ('kohtalaista','måttlig',20030530074101,'mheiskan');
INSERT INTO translation_sv VALUES ('navakkaa','frisk',20030530074108,'mheiskan');
INSERT INTO translation_sv VALUES ('kovaa','hård',20030530074114,'mheiskan');
INSERT INTO translation_sv VALUES ('myrskyä','stormig',20030530074121,'mheiskan');
INSERT INTO translation_sv VALUES ('tuulta','vind',20030530074131,'mheiskan');
INSERT INTO translation_sv VALUES ('suunnaltaan vaihtelevaa','varierande',20030530074823,'mheiskan');
INSERT INTO translation_sv VALUES ('1-tuulta','nordlig vind',20030530074832,'mheiskan');
INSERT INTO translation_sv VALUES ('2-tuulta','nordostlig vind',20030530074847,'mheiskan');
INSERT INTO translation_sv VALUES ('3-tuulta','ostlig vind',20030530074857,'mheiskan');
INSERT INTO translation_sv VALUES ('4-tuulta','sydostlig vind',20030530074908,'mheiskan');
INSERT INTO translation_sv VALUES ('5-tuulta','sydlig vind',20030530074914,'mheiskan');
INSERT INTO translation_sv VALUES ('6-tuulta','sydvästlig vind',20030530074924,'mheiskan');
INSERT INTO translation_sv VALUES ('7-tuulta','västlig vind',20030530074930,'mheiskan');
INSERT INTO translation_sv VALUES ('8-tuulta','nordvästlig vind',20030530074939,'mheiskan');
INSERT INTO translation_sv VALUES ('yöllä','på natten',20030530075102,'mheiskan');
INSERT INTO translation_sv VALUES ('heikkenevää','avtagande',20030530075658,'mheiskan');
INSERT INTO translation_sv VALUES ('voimistuvaa','tilltagande',20030530075706,'mheiskan');
INSERT INTO translation_sv VALUES ('tuuli','vind',20030530075717,'mheiskan');
INSERT INTO translation_sv VALUES ('1-puoleista tuulta','vind omkring nord',20030530080030,'mheiskan');
INSERT INTO translation_sv VALUES ('2-puoleista tuulta','vind omkring nordost',20030530080041,'mheiskan');
INSERT INTO translation_sv VALUES ('3-puoleista tuulta','vind omkring ost',20030530080050,'mheiskan');
INSERT INTO translation_sv VALUES ('4-puoleista tuulta','vind omkring sydost',20030530080059,'mheiskan');
INSERT INTO translation_sv VALUES ('5-puoleista tuulta','vind omkring syd',20030530080108,'mheiskan');
INSERT INTO translation_sv VALUES ('6-puoleista tuulta','vind omkring sydväst',20030530080118,'mheiskan');
INSERT INTO translation_sv VALUES ('7-puoleista tuulta','vind omkring väst',20030530080128,'mheiskan');
INSERT INTO translation_sv VALUES ('8-puoleista tuulta','vind omkring nordväst',20030530080138,'mheiskan');
INSERT INTO translation_sv VALUES ('ajoittain lumisadetta','tidvis snöfall',20030530082257,'mheiskan');
INSERT INTO translation_sv VALUES ('ajoittain sadetta','tidvis regn',20030530082311,'mheiskan');
INSERT INTO translation_sv VALUES ('ajoittain sateista','tidvis regnig',20030530082322,'mheiskan');
INSERT INTO translation_sv VALUES ('ajoittain ukkosta','tidvis åska',20030530082330,'mheiskan');
INSERT INTO translation_sv VALUES ('heikkoa sadetta','lätt regn',20030530082339,'mheiskan');
INSERT INTO translation_sv VALUES ('lumikuuroja','snöbyar',20030530082351,'mheiskan');
INSERT INTO translation_sv VALUES ('lumisadetta','snöfall',20030530082359,'mheiskan');
INSERT INTO translation_sv VALUES ('mahdollisesti ukkosta','möjligen åska',20030530082409,'mheiskan');
INSERT INTO translation_sv VALUES ('melko selkeää','tämligen klart',20030530082419,'mheiskan');
INSERT INTO translation_sv VALUES ('miinus','minus',20030530082426,'mheiskan');
INSERT INTO translation_sv VALUES ('pilvistyvää','ökad molnighet',20030530082437,'mheiskan');
INSERT INTO translation_sv VALUES ('pilvistä','mulet',20030530082452,'mheiskan');
INSERT INTO translation_sv VALUES ('puolipilvistä','växlande molnighet',20030530082503,'mheiskan');
INSERT INTO translation_sv VALUES ('päivällä','på dagen',20030530082518,'mheiskan');
INSERT INTO translation_sv VALUES ('runsasta sadetta','krafitgt regn',20030530082533,'mheiskan');
INSERT INTO translation_sv VALUES ('sadetta','regn',20030530082540,'mheiskan');
INSERT INTO translation_sv VALUES ('sakeaa lumisadetta','snöyra',20030530082549,'mheiskan');
INSERT INTO translation_sv VALUES ('selkenevää','uppklarn',20030530082558,'mheiskan');
INSERT INTO translation_sv VALUES ('selkeää','klart',20030530082605,'mheiskan');
INSERT INTO translation_sv VALUES ('tai','eller',20030530082610,'mheiskan');
INSERT INTO translation_sv VALUES ('tuuli heikkenee','vinden avtar till',20030530100032,'mheiskan');
INSERT INTO translation_sv VALUES ('tuuli voimistuu','vinden tilltar',20030530082630,'mheiskan');
INSERT INTO translation_sv VALUES ('vaihtelevaa pilvisyyttä','växlande molnighet',20030530082653,'mheiskan');
INSERT INTO translation_sv VALUES ('vesisadetta','regn',20030530082705,'mheiskan');
INSERT INTO translation_sv VALUES ('voimakkaita kuuroja','kraftiga skuror',20030530082717,'mheiskan');
INSERT INTO translation_sv VALUES ('vähäisiä kuuroja','enstaka skuror',20030530082727,'mheiskan');
INSERT INTO translation_sv VALUES ('vähäistä lumisadetta','lätt snöfall',20030530082738,'mheiskan');
INSERT INTO translation_sv VALUES ('poutaa','uppehåll',20030530083254,'mheiskan');
INSERT INTO translation_sv VALUES ('sakeita lumikuuroja','täta snöbyar',20030530083311,'mheiskan');
INSERT INTO translation_sv VALUES ('1-tuuleksi','nordlig vind',20030530100019,'mheiskan');
INSERT INTO translation_sv VALUES ('2-tuuleksi','nordostlig vind',20030530100015,'mheiskan');
INSERT INTO translation_sv VALUES ('3-tuuleksi','ostlig vind',20030530100013,'mheiskan');
INSERT INTO translation_sv VALUES ('4-tuuleksi','sydostlig vind',20030530100010,'mheiskan');
INSERT INTO translation_sv VALUES ('5-tuuleksi','sydlig vind',20030530100007,'mheiskan');
INSERT INTO translation_sv VALUES ('6-tuuleksi','sydvästlig vind',20030530100003,'mheiskan');
INSERT INTO translation_sv VALUES ('7-tuuleksi','västlig vind',20030530100000,'mheiskan');
INSERT INTO translation_sv VALUES ('8-tuuleksi','nordvästlig vind',20030530095958,'mheiskan');
INSERT INTO translation_sv VALUES ('heikoksi','svag',20030530100104,'mheiskan');
INSERT INTO translation_sv VALUES ('kohtalaiseksi','måttlig',20030530100111,'mheiskan');
INSERT INTO translation_sv VALUES ('navakaksi','frisk',20030530100120,'mheiskan');
INSERT INTO translation_sv VALUES ('kovaksi','hård',20030530100145,'mheiskan');
INSERT INTO translation_sv VALUES ('myrskyksi','tilltar storm',20030530120346,'mheiskan');
INSERT INTO translation_sv VALUES ('1-puoleiseksi tuuleksi','vind omkring nord',20030530100604,'mheiskan');
INSERT INTO translation_sv VALUES ('2-puoleiseksi tuuleksi','vind omkring nordost',20030530100613,'mheiskan');
INSERT INTO translation_sv VALUES ('3-puoleiseksi tuuleksi','vind omkring ost',20030530100624,'mheiskan');
INSERT INTO translation_sv VALUES ('4-puoleiseksi tuuleksi','vind omkring sydost',20030530100634,'mheiskan');
INSERT INTO translation_sv VALUES ('5-puoleiseksi tuuleksi','vind omkring syd',20030530100643,'mheiskan');
INSERT INTO translation_sv VALUES ('6-puoleiseksi tuuleksi','vind omkring sydväst',20030530100652,'mheiskan');
INSERT INTO translation_sv VALUES ('7-puoleiseksi tuuleksi','vind omkring väst',20030530100701,'mheiskan');
INSERT INTO translation_sv VALUES ('8-puoleiseksi tuuleksi','vind omkring nordväst',20030530100710,'mheiskan');
INSERT INTO translation_sv VALUES ('tuuli tyyntyy','vinden blir lugnt',20030530101047,'mheiskan');
INSERT INTO translation_sv VALUES ('tyyneksi','lugnt',20030530101208,'mheiskan');
INSERT INTO translation_sv VALUES ('viiva','till',20030530101345,'mheiskan');
INSERT INTO translation_sv VALUES ('lumi-','snö',20030530102944,'mheiskan');
INSERT INTO translation_sv VALUES ('räntä-','slask',20030530102949,'mheiskan');
INSERT INTO translation_sv VALUES ('vesi-','regn',20030530103108,'mheiskan');
INSERT INTO translation_sv VALUES ('sää on epävakaista','ostadigt väder',20030530120554,'mheiskan');
INSERT INTO translation_sv VALUES ('enimmäkseen','mestadels',20030530120204,'mheiskan');
INSERT INTO translation_sv VALUES ('hirmumyrskyä','orkan',20030530120244,'mheiskan');
INSERT INTO translation_sv VALUES ('hirmumyrskyksi','tilltar orkan',20030530120253,'mheiskan');
INSERT INTO translation_sv VALUES ('räntäsadetta','snö blandat regn',20030530120447,'mheiskan');
INSERT INTO translation_sv VALUES ('edelleen','tillsvidare',20030530120805,'mheiskan');
INSERT INTO translation_sv VALUES ('sääennuste','väderraport',20030604064107,'mheiskan');
INSERT INTO translation_sv VALUES ('kello','klockan',20030604064113,'mheiskan');
INSERT INTO translation_sv VALUES ('o\'clock','',20030604064118,'mheiskan');
INSERT INTO translation_sv VALUES ('aland:lle','för Åland',20030604065403,'mheiskan');
INSERT INTO translation_sv VALUES ('etela-karjala:lle','för Södra Karelen',20030604070312,'mheiskan');
INSERT INTO translation_sv VALUES ('etela-pohjanmaa:lle','för Södra Österbotten',20030604070315,'mheiskan');
INSERT INTO translation_sv VALUES ('etela-savo:lle','för Södra Savolax',20030604070318,'mheiskan');
INSERT INTO translation_sv VALUES ('hame:lle','för Tavastland',20030604065925,'mheiskan');
INSERT INTO translation_sv VALUES ('kainuu:lle','för Kajanaland',20030604070357,'mheiskan');
INSERT INTO translation_sv VALUES ('keski-pohjanmaa:lle','för Mellersta Österbotten',20030604070321,'mheiskan');
INSERT INTO translation_sv VALUES ('keski-suomi:lle','för Mellersta Finland',20030604070323,'mheiskan');
INSERT INTO translation_sv VALUES ('koillismaa:lle','för Koillismaa',20030604065533,'mheiskan');
INSERT INTO translation_sv VALUES ('kymenlaakso:lle','för Kymmenedalen',20030604070305,'mheiskan');
INSERT INTO translation_sv VALUES ('lansi-lappi:lle','för Västra Lappland',20030604070905,'mheiskan');
INSERT INTO translation_sv VALUES ('nyland:lle','för Nyland',20030604065559,'mheiskan');
INSERT INTO translation_sv VALUES ('kaakko','sydost',20030604071915,'mheiskan');
INSERT INTO translation_sv VALUES ('paijat-hame:lle','för Päijänne-Tavastland',20030604070831,'mheiskan');
INSERT INTO translation_sv VALUES ('pirkanmaa:lle','för Birkaland',20030604070438,'mheiskan');
INSERT INTO translation_sv VALUES ('pohjois-karjala:lle','för Norra Karelen',20030604070412,'mheiskan');
INSERT INTO translation_sv VALUES ('pohjois-lappi:lle','för Norra Lappland',20030604070911,'mheiskan');
INSERT INTO translation_sv VALUES ('pohjois-pohjanmaa:lle','för Norra Österbotten',20030604070419,'mheiskan');
INSERT INTO translation_sv VALUES ('pohjois-savo:lle','för Norra Savolax',20030604070425,'mheiskan');
INSERT INTO translation_sv VALUES ('satakunta:lle','för Satakunta',20030604065721,'mheiskan');
INSERT INTO translation_sv VALUES ('uusimaa:lle','för Nyland',20030604065728,'mheiskan');
INSERT INTO translation_sv VALUES ('varsinais-suomi:lle','för Egentliga Finland',20030604070340,'mheiskan');
INSERT INTO translation_sv VALUES ('osterbotten:lle','för Österbotten',20030604071816,'mheiskan');
INSERT INTO translation_sv VALUES ('huomattavasti pienempi','betydligt mindre',20030604080048,'mheiskan');
INSERT INTO translation_sv VALUES ('rannikolla','vid kusten',20030605180441,'mheiskan');

